,A,B,C,D
2000-01-01,0.6694638989830557,0.22138283603242892,0.7160834173666608,-0.4352234142602865
2000-01-02,0.18041536145951123,-2.358440734010809,0.5666795287697067,-1.0304579654737729
2000-01-03,-2.121766328625169,0.5690998342987234,0.636758242918395,-2.545505395683147
2000-01-04,-0.1843066622601437,0.49309746279488464,-0.3483151937500014,2.0226779048252093
2000-01-05,0.3694921448553986,0.4509616198568766,-1.564649092540226,-0.3793367388140295
2000-01-06,-1.3006858191794495,0.7872449737898178,1.0857356649970373,1.4324687693106546
2000-01-07,0.452374936140857,1.2003794738224896,-1.2333518612291077,-1.511851954270111
2000-01-08,-0.7030083057264573,-0.13436192118726895,-0.41303289284137085,-1.5480046060803403
2000-01-09,-1.1140908144197048,0.7811819787592633,-0.4161583534741532,-0.17324514765021287
2000-01-10,0.4536494110254581,1.6919015813224998,1.4200188408954988,0.4923304201555275
2000-01-11,-1.1463553165451987,0.8997535127963805,-0.07070540685273272,1.8979252613619653
2000-01-12,-0.4091412162519873,-0.4138603931422615,-1.050924361328248,-0.11469214531278424
2000-01-13,0.5905374658151077,0.8950069090586744,-1.7391851470747182,0.4228154336062436
2000-01-14,-0.2401093392494274,1.8379749322912007,1.0505148121673487,0.5305749751990562
2000-01-15,1.943319801267979,-0.5351390066945653,0.5408358238673587,-0.6474997713729429
2000-01-16,1.3198533441940987,0.992269482321981,-0.8038501806477669,-1.8677225654307044
2000-01-17,0.15620130662748544,0.07011396624487454,2.016169716266432,-0.30059887686626996
2000-01-18,-0.6082917347453322,1.6739791051638604,0.09474363618717307,1.3580423571692037
2000-01-19,-1.5637862054293026,1.2806615479263188,-0.3597808688432882,-0.06728951020371327
2000-01-20,-0.8174284857077635,2.5607934026451633,-0.07607357720022691,-0.7531713642878507
2000-01-21,-1.1144713990460575,1.0800109118627632,-0.1910543209735753,1.1263697023624173
2000-01-22,-2.18890867709208,0.13732153197856387,-0.8273153547510331,0.5800652129472768
2000-01-23,0.1178048151296653,-2.94168999708268,0.6749135722644155,0.21270780744671844
2000-01-24,1.7478033373524609,1.5913165975904768,0.9315590030294494,0.3377432262017928
2000-01-25,0.14297292672351958,0.9007587452498219,0.14282272525661727,0.036735739660958625
2000-01-26,-0.6367690920359588,-1.0204401004307908,1.0097126346377667,-1.170026402577896
2000-01-27,-0.6501140024180535,-0.5252322184234361,0.07262140877972124,0.4522346196602422
2000-01-28,0.34854231565380145,-1.3090411600611445,1.1822043235981714,-0.277300224944954
2000-01-29,0.7698681841003808,1.5088106975092546,-0.28043183574376107,0.42749065107976714
2000-01-30,-1.0014972373307591,0.598984307796254,-0.41683569882824595,-0.47522904559980855
2000-01-31,-0.3449840678252972,-1.2612435653724507,0.33748256763775886,0.36611492822261676
2000-02-01,0.21579243956586885,-0.22683392264968202,2.315173089204134,0.779511714645726
2000-02-02,1.4172265804139847,-0.20724345664166777,-0.1314882096127735,0.9900941658609411
2000-02-03,0.8208628835147782,0.24915807323500683,1.0140382896083333,-2.2933926830621143
2000-02-04,-1.570559414353419,-0.7407224751141044,1.655231202333783,0.46420673193714856
2000-02-05,0.1971158565078592,1.1033160790349972,-0.09130895353714076,0.07777705242422772
2000-02-06,-1.6759385411535823,1.1435226844235338,-0.028709089307051617,0.980668965939844
2000-02-07,-1.4079329029113499,1.0389511954085788,-0.5334958363179978,-0.38590895361399186
2000-02-08,-0.245496525493439,-1.5456441431319494,0.6899051028905921,-1.0944684589103004
2000-02-09,-1.4993912924163681,-0.0678276462735769,0.661086472582202,0.17829756444204348
2000-02-10,-0.20691225480145484,0.6432038613382137,0.6633253073454664,0.20063947291267464
2000-02-11,-1.1008175739404933,0.33490901481280166,-0.03703069571698928,0.9562173685605679
2000-02-12,-0.8709745072820986,0.9582204741088489,1.1795152413764656,-2.1450076888124237
2000-02-13,1.048045878210478,1.7746533205345403,-0.8704514121509731,-0.1214266843336235
2000-02-14,0.6473989946481448,-2.293290576344793,0.16195535183309773,-0.3291164131360439
2000-02-15,1.6297049247649351,-0.08318765996446524,-0.8208890617410809,2.4105466367311505
2000-02-16,-0.8945366350750744,0.5669893557953113,0.6722649358374707,-0.6003428558037832
2000-02-17,-0.32496327191140717,0.7890060110920978,1.722913034290047,1.626716794300502
2000-02-18,-0.5545487908617788,-1.0616680071715472,0.9801600754769273,0.41908528421975233
2000-02-19,-2.209797436704686,-0.6669945477584527,0.07784896331168946,-2.0770600158982475
2000-02-20,0.6274145988171388,1.457715185558409,1.4641099236439874,1.4786279887483584
2000-02-21,-1.119156027963808,-0.6354790725637409,0.7920265992915596,0.32456123038297835
2000-02-22,-0.7676359209877756,-0.6797633397943807,0.3346724834032236,1.7075104287633556
2000-02-23,-0.6580574527026559,0.7649207927666751,-0.7497347614533968,0.3560527000669399
2000-02-24,-1.001176292141365,-0.3302849713562771,0.5005549761905054,-0.6812984696406587
2000-02-25,-0.2317878314830416,-0.2956794384663979,-1.2592179912817465,-0.2680777870276033
2000-02-26,-1.4371920893098507,-0.36077879660977924,0.46369564220953385,-0.5162798394437392
2000-02-27,0.5363398804506874,0.0637660709820928,-0.976965398411632,0.08430200577327668
2000-02-28,0.3039089405500231,-0.7887908318698162,0.16162382304998105,-0.12425244106593804
2000-02-29,-1.6578031279413006,-0.8891066993881243,-0.8352832707032856,0.7582928773068958
2000-03-01,0.9879424939678133,-1.346742878196958,1.3818604259022476,-0.6218621365227487
2000-03-02,-0.6409162748015411,-1.4647432599537487,0.3625450576910659,-1.1328256530345242
2000-03-03,-1.7608228910231445,-0.25957898327561857,-0.5614954667847691,-1.161127702068786
2000-03-04,-1.4202025454795781,0.8491378201400218,0.8701985928899266,0.8167965287157462
2000-03-05,0.1151104753458807,1.1945376225350004,-0.5737681537273377,-0.5249065895301934
2000-03-06,-1.5364636822021758,-0.418253651138732,2.687677815479042,-0.7076949559729265
2000-03-07,1.1865264389236536,1.1269001728013797,-0.5146093642124031,-0.6875267843803486
2000-03-08,0.30903008704930984,0.7044067655094958,1.8738227448262963,-1.655875459062669
2000-03-09,-1.072908278852138,1.9005566509889102,-0.6386621118236526,2.37521746929269
2000-03-10,0.211983117256172,-0.3349508622727305,-0.35161976707299475,1.7652133606309146
2000-03-11,-0.8824843376932076,-0.559364360395465,-0.5746155718422812,-0.5992924426787458
2000-03-12,1.5348723923523546,-1.2261640959088793,0.3390903613080097,0.1626554466533867
2000-03-13,0.7392464825126679,0.7969940260367588,-0.030417851645574787,0.701359865240627
2000-03-14,-1.2439254039344214,0.08618694673240711,0.3793214791241194,-1.7708422656227507
2000-03-15,0.25452384075830464,-1.2900829154117681,0.5731254667149732,0.913156023511592
2000-03-16,-1.1317571037377883,-1.3205172742354392,-1.858862977656411,0.23515618720228024
2000-03-17,1.040642381030718,0.9498249686587007,0.36405188610422606,-0.5189421706287162
2000-03-18,-0.8106838418441342,1.9889177683468162,0.5431267614437517,-1.1791958150917465
2000-03-19,-2.1165143941049362,0.6375610933598931,-0.04398188072382157,1.4965815146320556
2000-03-20,1.1444725037783592,-0.041698100666855996,0.16956224896822109,-0.4718111124450069
2000-03-21,-1.8113492980888541,0.051861276655228675,1.2089712231059766,1.362665387923533
2000-03-22,1.1214702729083907,2.0695236891776227,2.032985325074662,-0.5179715092048878
2000-03-23,0.6557542040991534,0.4294188481497956,-0.5083134276724481,0.12054490967533545
2000-03-24,-1.1886185827815983,-0.9373499417856573,-1.208676515344558,-0.1850077030077356
2000-03-25,0.6816762915973387,0.22000846270465477,2.1700190555853007,0.10829094801667177
2000-03-26,-3.1124078399670396,0.5607953760783587,-1.472161935413236,-0.7976902250604054
2000-03-27,0.7394247632753458,1.1347897493570671,-1.5494666385070748,1.7591686557403439
2000-03-28,-1.1757662622069947,0.9680293779717221,-1.5375443612301933,-0.17543660412893713
2000-03-29,-1.1244107696568721,0.15280899236225112,0.6725670241124965,-0.4871140543864479
2000-03-30,2.341927193698949,-0.6834421153569368,-1.2157433235448831,0.9087767320671196
2000-03-31,1.1485794283652417,1.1677223177075138,-0.7008016818545412,0.6287679834182555
2000-04-01,1.1445750023780594,-0.5210128919848505,1.067697119349047,0.14320250366621703
2000-04-02,-0.18073532555566874,-0.6965055271217919,1.1806166772698454,-0.9899892353502394
2000-04-03,-1.0380033373690625,1.4976805213403963,0.34936819759068294,-0.00261592263644559
2000-04-04,-1.0342238611734313,1.1956231966956077,0.5325435830548261,-0.5024619654336202
2000-04-05,0.6912384946822682,1.7649730927134384,-0.19102887753610215,2.1338469759868364
2000-04-06,0.39951134464435534,-0.40481725439817495,0.8622724906095437,-0.24466824244677443
2000-04-07,1.249153643758826,-1.1919158363658322,1.3681926009175003,-0.016146830408448297
2000-04-08,-1.8626788392725064,0.4923895626639562,-0.7324724422909773,-1.2330379462399739
2000-04-09,-0.6719359513985597,1.0742925547648796,0.2818758593935614,-0.7980107229946242
2000-04-10,-0.05174116392796898,-1.0285972060345001,0.03790515593727673,-0.23370003774963607
2000-04-11,1.0144795299765272,-1.2541889137990259,0.38465854566836116,-0.9939603728157058
2000-04-12,-1.3848889207031503,-1.3590213279237595,0.34290412579095203,-0.6035873507481792
2000-04-13,0.36875169751592457,-1.775293521403242,-0.8002050615737684,0.23156590578971992
2000-04-14,-0.5681157709056579,1.3980731936284176,1.5195715439212991,-0.4939954452037611
2000-04-15,-0.4844624366949088,-1.7219995398486665,-0.09897460632462415,-0.8861466752665708
2000-04-16,-1.1885077151561176,0.642658623851439,0.9038368238448099,-0.5581316015651067
2000-04-17,-0.8829601764103061,-0.017927988199871348,1.1320253988290512,0.21018437335998116
2000-04-18,0.8498286558063742,1.0235444128234088,-0.8253419955956701,1.1777647297249751
2000-04-19,0.9169855254102882,0.8090592556702578,-0.5746996019575819,-1.9311413313385215
2000-04-20,-0.4143384899598175,-0.32931387013190583,0.22632658005023207,0.06293622497883988
2000-04-21,-0.025805199497258874,-2.406966282117026,-0.5585835597934934,0.034892724721031186
2000-04-22,1.0111582471688605,0.777549500467831,1.1912935067814188,1.5871126129596285
2000-04-23,-0.4375370774784459,0.6031970940976067,1.1710319262626718,-0.7392255008656923
2000-04-24,1.0713557374809177,-1.3857395069280591,-1.7275570679448047,-1.038536241198473
2000-04-25,2.053470884961556,1.659788439392969,-0.6060687065028055,0.5183585666512882
2000-04-26,1.933447616880483,0.7109452481574419,-0.0889102013022422,0.4570239028477549
2000-04-27,0.6607738347072614,1.41595143515532,-0.32361145185808304,-0.7148026066116949
2000-04-28,0.6138712751549689,-1.3838625754002465,1.0086586341921608,-0.5712654759470591
2000-04-29,0.20010936895469777,0.8914726036462226,0.41162241849879033,0.8001782580293573
2000-04-30,-0.9463443212597029,-1.1360176760143976,1.510309745580224,-0.292350750226788
2000-05-01,-0.10035135017714114,-1.5126571187940132,1.8290956951867907,-0.5603397705036428
2000-05-02,0.344438706251131,-0.11887395354372947,0.7155727066848228,0.10464677183993264
2000-05-03,1.5858698606636257,-1.900082738917343,0.4916748847940012,-0.4825481888939227
2000-05-04,-0.12604673956214843,0.39663836096834326,1.5927927066382348,1.3133532219471495
2000-05-05,0.22608925007716235,-1.5812640973144958,0.0028829748487211922,0.41675541075394035
2000-05-06,1.2396279731825184,-0.6632910527861607,-0.21823592972149503,2.141047242326694
2000-05-07,1.0911738844064294,-0.4628869045785979,0.1531487336300769,0.5741061951985212
2000-05-08,0.11152996502773094,1.0985781618241435,-2.4185404322187014,1.1466275609942371
2000-05-09,-1.1093703630595477,0.10827024935379292,-1.769046732469758,0.4185869634471643
2000-05-10,0.3644936716344799,-1.3802113140632042,-0.05868731309283661,-0.32618072790717173
2000-05-11,-0.03316146134505712,-0.7186746619727509,-0.4510245905410456,1.971430852489886
2000-05-12,-1.5466150391422608,0.2375141674479979,0.7247993124915257,0.675522011582687
2000-05-13,0.6829684217204838,0.10331693641327092,1.0986188385205176,-0.6421768027667936
2000-05-14,0.43099725078005596,-0.8269588426740275,0.5678995297954142,-0.8741590412087571
2000-05-15,-1.4013093643623742,0.819740751581169,-0.8000394486821124,0.10856547162578002
2000-05-16,-1.4920140231344237,-1.907482618116435,-0.7437935060269163,1.8569091210120963
2000-05-17,0.5155638012569844,0.4218019137096896,0.7622784821463551,-1.7154118932961435
2000-05-18,1.2159631466541903,0.7319641656123634,-0.538219878424356,0.35389154288284747
2000-05-19,0.9006390270709743,0.03825765818014338,-0.25591591458772367,0.09429349188837655
2000-05-20,0.5369229044453323,1.0445215526906313,0.03336461081745977,1.4728324946308025
2000-05-21,-0.9008477193384758,-0.6993617687019721,-0.3790709837337602,-0.42931828405086186
2000-05-22,-0.5454905908924618,0.15159120018300587,-0.05685900992534961,-0.3507634684655466
2000-05-23,2.2084904136401966,0.6851867817172982,-1.242720224257632,-0.42668334255929885
2000-05-24,-0.3494413776458886,-1.5507335218673122,-0.24847483771411044,0.44898303178245313
2000-05-25,0.7995206678533007,0.6346790378821151,0.05257514809371389,0.2444558681640881
2000-05-26,-2.0086570442274048,-0.07500812461892645,-0.6890186502041481,1.9926264075683748
2000-05-27,1.296734690653469,-0.3298612094158707,0.5789904580017894,-0.5185984658584594
2000-05-28,0.47728726922928355,-1.5780125830899034,1.142059267682378,-1.360260353838117
2000-05-29,-0.95470625054363,-1.0902940481558532,0.9897450475259632,-0.540239833066775
2000-05-30,-0.44559983864347963,0.8006109574884253,0.95577279074271,0.12288334670371939
2000-05-31,-1.6713834097041331,-1.6883689009341465,-1.2245542530829372,-0.6393654229640023
2000-06-01,0.23624579110457344,-0.6221417191007521,-1.0291275731748024,-0.9732946007599885
2000-06-02,0.26279658013317697,-1.9238481767277937,1.5136515797366663,1.3408839908204562
2000-06-03,-1.21890270125579,0.9939841532015788,0.16879498702144285,1.0704668060732063
2000-06-04,-0.3041165722458988,0.3350896663444895,0.10094972135922013,1.3438855012175326
2000-06-05,-0.698739879926174,1.7116428143114117,-0.1029503709183036,0.8875571369742191
2000-06-06,1.6815191738589355,-0.6889373185224724,-0.6649762629576252,-1.204443761825058
2000-06-07,-0.6705598387351853,-1.1078148032806352,-1.0643806811006276,-0.6827269913984673
2000-06-08,0.47836049161527217,0.11602053945602736,1.2245541044448547,0.15873376392239147
2000-06-09,-1.1431576953938625,-1.5923090964788198,-0.0044607330512801135,-0.44405248457130336
2000-06-10,-0.261243909391945,-0.38477208057012935,1.0830610869958737,-0.5536759625117618
2000-06-11,-0.9268505956707671,1.2982977499504202,0.22270625600339605,-0.6404295610934826
2000-06-12,-0.5845713371712,0.21073933480845233,-1.855668682486061,0.5135351241342109
2000-06-13,0.8336526053350594,-1.764159841345101,0.17526362055961645,-0.26725220244808795
2000-06-14,-1.7504130693423317,-0.005738477155579519,-0.6055634689697891,-1.0128257922442827
2000-06-15,-0.27467526742414344,-1.6369263859775782,-0.4844770135268311,0.8744263256076023
2000-06-16,0.2920480551017177,-1.7535951819922861,1.5450420437751191,1.515060742435987
2000-06-17,-1.06686337609157,2.4090889624516105,-2.0305003301607276,-0.7751781610736668
2000-06-18,0.5925770164659201,-1.2596051277219527,0.7558867492025133,0.23734902367515823
2000-06-19,0.8098525443775205,-0.021418891822980294,0.21199724940947556,1.0227872381250271
2000-06-20,-0.01355620698097898,1.3822155644979197,1.539967684933738,-0.07843614710085943
2000-06-21,0.6979697510309884,-0.4816554861520926,-1.1096428317691431,-0.3785933852590077
2000-06-22,-0.4895744878719602,-0.2515121689795313,0.2031627353902949,-0.5576344751162553
2000-06-23,-1.4791676927827109,-0.5094885515090232,0.7536779451516115,0.47422592144301384
2000-06-24,-0.7742675278273421,-0.14397566968615982,0.23179011558448295,1.0922062358579696
2000-06-25,1.018735724994216,-0.882524550288081,1.5205166611275525,-1.2288186647647168
2000-06-26,1.6124261878253703,0.7406846350825195,-0.346997476304748,-1.189939401166609
2000-06-27,0.75425168046095,1.6296490930329512,1.0399311018282107,-0.7087796388717407
2000-06-28,-0.34804958375132256,1.8018218676963746,0.9900526756865032,-0.7910972484696093
2000-06-29,-0.34906292763910557,0.733800076220851,-0.43190837770677015,-1.992121727040102
2000-06-30,1.0711939253883223,1.4811337190720997,0.8980601105517871,-3.4074824448507504
2000-07-01,-0.5939592835666047,-1.5384073636512372,-0.13567684144668285,-0.263027547400616
2000-07-02,0.4487314889062267,0.1904851664738453,-0.1937804289389193,-1.3444431701706434
2000-07-03,1.1012858710868616,0.6127647543436601,-1.469598888795734,0.6382388771556912
2000-07-04,-0.2503049744538837,3.0303144037645238,2.6407605161482564,-0.3358995159504837
2000-07-05,0.04582494811549989,-0.8220072583801015,1.077401663601218,1.082153628013479
2000-07-06,-0.6377350029572351,-0.16963756817608586,-1.373953341726718,0.5387695153435328
2000-07-07,-0.8613396774314107,1.6353903853000131,1.8844873279234267,0.6418877123279405
2000-07-08,-0.2590871765514901,0.8857236085761959,1.280320598168205,-0.010792773239510401
2000-07-09,-0.3538645632648114,0.0730731731168271,0.7506188883207777,-1.1082068435015369
2000-07-10,1.1551208748867097,-1.3306146910484096,0.554458115153703,0.326618151513902
2000-07-11,-0.7104887755480387,-0.2519573604473741,0.8830459139699761,1.0904413641931692
2000-07-12,-0.22659841549008836,1.1042565894350664,0.11106696771732112,-0.4849516101021248
2000-07-13,-0.49238146944890715,-1.3934288287110368,0.23421262079876767,0.328974063907522
2000-07-14,1.4335027662010191,2.93781932332324,-0.5731092140355158,-0.6952145317488658
2000-07-15,0.08783122772643552,-0.6764784715878749,-1.7306749505767107,-0.8674103598444017
2000-07-16,0.02572110476754666,-0.3116113911669579,-0.7028349425516813,-0.6784252494027809
2000-07-17,-0.054153979486101365,0.8015025590405882,0.7472206700975392,-0.0026971600351006495
2000-07-18,-0.619558398818676,-0.6850433528209746,-0.5777381913901389,-0.45329623515971573
2000-07-19,0.08520454477557944,-1.1543246207509594,2.312442977416233,-1.0408875632743497
2000-07-20,0.7478083427777353,0.0644618561952933,0.4569618573583392,1.2809477872930026
2000-07-21,1.1556436216856674,-0.3291329514097984,-0.260577208386512,-1.094062415425629
2000-07-22,-0.27167482827869954,0.1185001349190213,0.7000511261076064,-0.9717581933895325
2000-07-23,1.1374285339137837,-0.6694577777985203,-0.1451951926061438,0.029644046090610027
2000-07-24,0.05730465012743642,1.012095587088989,0.7499824173387293,0.6494191300213559
2000-07-25,0.008461775418461217,0.1233868650419328,1.2173413066368957,-0.7433543210641882
2000-07-26,-1.3526814085359509,-0.2944189041568542,-1.2014841713343387,-0.25899103115645483
2000-07-27,-0.5978604103905834,-0.6380117704924867,0.5526143932629449,1.310746793144735
2000-07-28,1.3853490579318628,0.8131474845028589,0.05609704883343421,0.08745846662398683
2000-07-29,0.6240504105446737,0.44229604335885997,-0.7515492480846299,1.809195376280019
2000-07-30,0.4717510450415286,-1.3770152511676372,-1.0752174937524823,1.122295448535389
2000-07-31,0.6636951082232698,-1.54809614552953,-1.508394800332238,-0.5651961353673517
2000-08-01,-0.8694365569364659,-0.11819282864580802,-2.36151461750491,-0.032734897965952546
2000-08-02,1.861645023753528,0.8354528097476033,0.042614627196657824,0.6151421939256742
2000-08-03,0.843119272205441,-0.9229571000891053,-1.1958382928810931,-0.38802143654176324
2000-08-04,0.13391240589851042,-0.47892617378367114,0.16682787108055097,1.2768181430419132
2000-08-05,-0.28952855302497693,0.9501891726672446,1.0089307521275115,-0.8715470155741291
2000-08-06,0.5397253145685947,0.11969942105774665,1.038519980374675,-0.7667337425980137
2000-08-07,1.7845671950105904,-1.2384898758450291,0.7678987380510991,-0.04625005641754338
2000-08-08,-1.457090487876295,-0.5623658584882824,-1.9527313376415014,-0.16029506795030302
2000-08-09,0.44253860221392444,-0.8181748334060609,-0.7968116989861862,0.5779987935833251
2000-08-10,0.7710062341809578,-0.846191687328329,-0.7311726030183902,-0.644494192287353
2000-08-11,0.6646439582319288,-0.06899733255810578,0.6189646754885177,-1.5545682104842697
2000-08-12,0.5883958865583392,0.2783307661293111,-0.26924703749658224,-0.5566102449711451
2000-08-13,0.792250989263643,-0.09205508327121852,0.0851862540128419,0.550441506469711
2000-08-14,0.6840387313468324,2.1561555823148226,0.14965961494153646,-0.4721301770300878
2000-08-15,0.5817252907481005,0.7049791533837957,1.2290506022542338,-0.5679186737520447
2000-08-16,-0.1739165379686887,-0.7508322660383787,0.5235230312210514,1.8865844031009822
2000-08-17,0.22738743845581577,0.5787645440913222,1.3929562904111412,-0.7327151741328934
2000-08-18,-0.23681326513783804,0.13300442262699846,-0.6575521856417805,0.2805752505047883
2000-08-19,-0.3572503738654504,2.530127077863239,0.8081504924796818,0.15370687257149718
2000-08-20,1.060148089376189,-0.1097407036206515,-0.24312806289945887,0.7999119664060976
2000-08-21,1.8370266943372955,1.1544190604919131,-0.5070389055723734,-0.18686140837414109
2000-08-22,-0.5033354087279734,-0.04120161028817232,0.8627618970813645,1.3915473589420762
2000-08-23,2.7068063254970243,-1.0504295265458303,-0.30380319811352324,-0.8531406644748692
2000-08-24,0.4111785399651861,-0.4949563759519185,-1.1862047140662306,0.43387167298630835
2000-08-25,-1.252619864981166,0.5494406482756691,3.7853133073313594,-0.1681050877182273
2000-08-26,1.0522882675362168,-0.21600797795589002,-0.9622938893582919,1.256402418946227
2000-08-27,2.084387560279604,-1.276644361451658,-0.8980760735310996,0.5216555670491397
2000-08-28,0.7848384694339647,0.1852284142211172,1.949068705916878,0.915195704439255
2000-08-29,-1.0964167862939385,0.0424657063091106,-0.7613259304787351,-0.6341770626063461
2000-08-30,0.2783888897213506,-0.44076130649744844,0.9503991805187955,-0.2160340061562026
2000-08-31,0.26927101442336104,-0.14980250510421045,-0.22765538583326386,-0.6908021703056952
2000-09-01,-0.5008508637475486,1.0939386736584846,0.5054582929671724,1.3829843302142202
2000-09-02,-0.8954452825687872,-0.6668268971340673,-0.5535538697354676,-1.5736780477999863
2000-09-03,2.0417871781714347,-1.1724848053390466,-0.9325017376082018,1.0460218892529494
2000-09-04,-0.5134211139415056,0.4451615520953504,1.1195089103277995,-1.4658953092206228
2000-09-05,-1.4576339742744464,-0.5190484842229826,-0.5093638524403078,0.7899450437611885
2000-09-06,1.797040757548019,0.6529338376332464,1.486367293439601,-0.7578474741852549
2000-09-07,-0.2351985544038559,0.0977218689581207,-0.5252036945641336,-0.7661760374815029
2000-09-08,-1.109691275856696,-0.009241237775340342,-0.35311398922935855,-1.4689483149713103
2000-09-09,0.6617341169153028,-0.9529598441709282,-0.04574672819037087,1.1779382650525152
2000-09-10,1.3986072284198907,-1.1481865410789271,0.6397511296215552,-0.6122203716962688
2000-09-11,-0.03328943358719667,0.3740681485980597,0.2530226730184377,0.0687428566919215
2000-09-12,-1.8215770280294648,0.8061280601311133,0.6923017857035156,-0.8880072204227086
2000-09-13,-1.449961188838166,-0.3133436920168387,-0.20077675444809254,0.5071831161139001
2000-09-14,-0.8925192890610508,-0.146588912537372,0.785340007607264,-1.4575138890373116
2000-09-15,0.4406889218674547,0.40395942959506614,-0.68739502402861,-0.7529193683567759
2000-09-16,-2.132381967697809,-1.282472030174328,-1.350861688732786,0.0673563406209748
2000-09-17,0.5292358530748096,0.522474003547212,1.5531711895690343,-0.4873056487829887
2000-09-18,0.07050336090525998,0.6960152366458553,0.20409907630461394,0.5557403150219732
2000-09-19,-0.4019505576868145,0.48841584675349714,0.5510133849866335,-1.7984980063833262
2000-09-20,-0.05872843195537451,-0.8263167305024662,-0.14811808382358543,0.3560793746305521
2000-09-21,0.9283470165308646,0.21681202426194324,-1.3493403551842182,1.8727134739916889
2000-09-22,-1.889920396354981,0.5593979128212985,0.7520024220188767,-1.025751690413476
2000-09-23,-0.19923699025332933,-1.6344380144312847,-0.09238657690308477,0.10718303118831915
2000-09-24,1.732928461498619,-1.1078553855956619,0.7774721149006022,0.038987825816267536
2000-09-25,0.6851120189808472,0.46603273188927025,-0.5988532599020296,-0.5510306867193329
2000-09-26,1.3387521383248788,0.21815711390565984,-9.108140422061206e-05,1.188573605771146
2000-09-27,0.5750345541324604,-0.3398509743486428,1.1391403860909743,-0.3039332510214125
2000-09-28,-2.381224869857299,-1.6169189639025383,-1.5952972049158296,-0.24210949667285178
2000-09-29,-0.23782511072478135,0.9653002863547027,1.1727430837554096,0.9137689570347091
2000-09-30,-0.6308295104388121,-0.7329959512790942,-0.07507443355975456,-0.5777340591133151
2000-10-01,-0.1844961364273361,0.6631832189762664,1.2727427877633222,-1.0036600959639281
2000-10-02,-0.8978626571604138,0.44953193267392705,0.3257277743197605,-0.5701538579837616
2000-10-03,0.48572202673035364,-2.027277133640346,0.7604474593713842,1.1574600074895622
2000-10-04,-0.4737973077471488,0.20873950568431082,-0.3797374811262401,-1.4068679021192192
2000-10-05,0.12861299214521096,0.487755820600586,-0.057968739069440736,1.1135935771928052
2000-10-06,0.3202708008568977,-0.2414144099030118,1.6600040276702472,-0.7281257678035387
2000-10-07,-0.9199688992212209,-0.22094944566914396,-0.9889138891155799,0.12627583206635745
2000-10-08,0.6894294147281067,-0.0034310477814155052,-0.3153582601986537,-0.33442438263214797
2000-10-09,0.09530627911716971,0.5485552503096872,-0.29613838254967223,-0.7368647277896866
2000-10-10,0.9458565404103829,-0.6106549918705327,-0.27613787233109705,-0.5631757284406692
2000-10-11,-2.2327163946916526,3.2459170957676005,-0.6978301387956904,0.41412079757275433
2000-10-12,1.6094689479048168,0.08254457071228345,-1.0501603074889525,-0.4115400717311257
2000-10-13,0.42575981295239834,1.4964413394856189,-0.3163049391508746,-0.6297336483165022
2000-10-14,-0.2186073044650308,-2.5183223984442793,1.2223015677889664,1.1153681440456076
2000-10-15,-0.724235956811894,0.20294523365257403,-1.3525943800288094,-1.2533061813231225
2000-10-16,-0.7043489771726754,0.17946057315645575,0.16509146502086852,-0.4948433258480594
2000-10-17,-0.8171451568631486,-0.014720069371389293,0.7482537684157324,-1.145455610781638
2000-10-18,-0.024936262191970697,-1.4109554070120804,-0.2539790782641693,1.721894573262916
2000-10-19,-0.724363168583171,0.6091352896801293,-0.7721997109419434,1.092359851211672
2000-10-20,0.15394383040686407,1.1354126815748322,-1.9865129165253286,-0.10247119498146447
2000-10-21,-0.07839311910257955,-0.37382087830855387,0.5887531913176914,0.04284575271677036
2000-10-22,-1.8378809687778466,-0.39253793945730237,-0.4664611224403982,-0.6698348945985954
2000-10-23,-0.10099196886023885,0.8954611994843535,0.7046911884848058,-0.5853423062467008
2000-10-24,0.7735039994828397,-0.3996393297372527,1.9633600439642398,-2.158676046010266
2000-10-25,-1.3145445938770046,-3.2842472701347245,-0.11473414212046873,-0.8993794376119921
2000-10-26,-0.20038053364388625,1.2701774787835962,-1.8655181864739783,1.0296464814227717
2000-10-27,0.16912033936814178,1.017416973340346,-0.7362046822418211,-0.21330193350432702
2000-10-28,-0.16603508513365475,-0.18604447454880302,-0.5309443384216742,-0.9840063536137417
2000-10-29,-0.36423530327324016,1.519579971737119,0.2939859647145517,-1.6654515614953977
2000-10-30,0.5485538915658063,0.23663781171842785,-0.7162371329060282,0.09981203812336366
2000-10-31,-1.3158701529902348,-2.2830659547321708,0.25499644403995747,0.28820650163708283
2000-11-01,1.8485265001055677,-0.33509677040249236,2.6379725328896098,1.2807492629857522
2000-11-02,0.40316849863366216,1.4765175270375797,0.556049246273106,-0.48838488837784166
2000-11-03,0.09315880515555854,0.6774537137846951,-1.1545657336774913,0.4611655482355339
2000-11-04,1.1277596030633785,1.1817364482860708,0.06008587724958814,1.5911459405819608
2000-11-05,-0.25292070536933553,0.7002727110457935,1.0070549279999976,-0.5751032080947374
2000-11-06,-0.973547852896461,0.33942525853418093,-0.7839467195399001,0.2049843023893505
2000-11-07,-0.6204397290219594,-0.9637151994734853,-0.8923045754388751,-1.1552227055577633
2000-11-08,1.0424831692520942,-0.7246388079492913,0.1461014788134528,0.4167960982455637
2000-11-09,-0.8479015399466873,-0.10230205491639884,0.7703445053468102,0.9117983333642461
2000-11-10,0.8297351975089161,1.2546122423897255,2.1945608600547404,-1.0156452006703414
2000-11-11,0.07948746737230042,0.3589983282513453,0.2685119218806064,0.24989178777449775
2000-11-12,-0.2673327163311941,0.07307029373195108,0.5776445712575594,-0.9125125071321709
2000-11-13,1.5666465788240715,1.0687730636787487,0.39987139926488646,-1.1794243576031005
2000-11-14,1.4541630887464876,-0.2818146341742404,-0.22213106477577274,1.1025968450872579
2000-11-15,1.895011753659114,1.3950070547964162,1.0664717603660994,0.03259338272075847
2000-11-16,-2.2310328861960826,-1.4825889531328058,-0.8125144769549523,-1.2711482501138236
2000-11-17,-0.829459857451346,0.3907906819330392,-0.5164382501988077,-0.2657403040430206
2000-11-18,-0.13891366377291584,0.31081808625904284,-0.8287014574768844,-1.345929929160012
2000-11-19,0.3850378030926273,-2.2046011208589054,-0.5024141396922321,-1.5172068310732534
2000-11-20,0.27063261253467824,0.20552266620099538,-0.07838037826038421,-0.4388755731648891
2000-11-21,0.5120451272875662,-0.5533536080996437,1.6364564538799469,-0.3402795213868593
2000-11-22,-1.6676540527094028,-0.2795927699819622,0.1241809563521354,0.39115412344785583
2000-11-23,-1.135221528187063,0.17709618451746675,0.1079913155691692,-0.71924633521711
2000-11-24,0.3500136564420282,-0.25146222431948223,0.4791073677128509,-0.4135225789279241
2000-11-25,-1.7196848488746157,-0.18942162386934666,-0.5628905608488713,1.3977484768347854
2000-11-26,-0.3550000218228619,-1.6280897489328525,-1.0941888320759892,-0.6527946171567262
2000-11-27,0.14407291609089473,0.9538428539480985,0.9351218917421308,-1.2136472332795705
2000-11-28,-0.2765669393740799,-0.4747029503494287,-0.10958942143195888,0.15968469179895003
2000-11-29,-0.28361342405756945,-0.10893155877103633,0.5142081148457326,-1.8353646388399616
2000-11-30,-0.6846582253360691,0.6232920273617049,1.7354985740908684,0.2776311854152073
2000-12-01,1.5263752994721387,0.5011057523651322,-0.5132925653292296,0.6091069690318806
2000-12-02,-0.7088949546962567,-0.33905715610217957,-1.5481439865178641,-1.0114474814871321
2000-12-03,-1.141287706884794,-0.7737213032541215,-0.7405303080440013,-0.944647904213608
2000-12-04,-0.46446451275635564,1.0646463942679751,-0.06407815879349289,-0.16736168008154848
2000-12-05,0.030353797625912695,-0.019854511896449347,-1.13676996599934,1.6851805028235138
2000-12-06,-1.2249525763144578,0.5720776122636123,0.5291010281863582,-0.7471625204568599
2000-12-07,-0.055676711049804276,1.2084318250190222,-0.9295701522703113,-0.7452199195401216
2000-12-08,1.0348488474258684,0.010200751638776527,-1.5668966027632742,-0.8315216124151237
2000-12-09,-0.0829870201052302,1.444198877478385,1.3675110964936716,-0.5950278139433611
2000-12-10,-1.1857932797286557,-0.10682954292910407,-1.0115276063758103,0.8799866754854282
2000-12-11,-1.515906472238042,-2.031988173840468,-0.39832415599312987,-0.7743808789339057
2000-12-12,0.9278503691857222,1.2671443786481194,1.14506920915509,0.7967607884004265
2000-12-13,0.6994657387633677,0.8333846822985579,-0.8485377655704336,-0.11778639930795631
2000-12-14,-0.5596439873067288,0.3439396523421645,0.401761959033257,-0.5112255454242884
2000-12-15,-1.3116492962722266,-0.6360315852394383,-0.5476848600059123,0.840178021781729
2000-12-16,-1.0395679192848697,-1.508576226638589,0.3599462347489968,0.3263054075430721
2000-12-17,0.6321919305705803,-1.1697488520848547,-0.1415073396323734,-0.7018160906639903
2000-12-18,1.2134487187669092,0.5710625137379407,0.30705144849592336,-0.4302045331401579
2000-12-19,1.266792602981867,-0.8855120601018812,1.3141645256579015,2.0146438995525178
2000-12-20,-0.5389259547985967,0.32164838994468586,-1.6295745716325312,0.7719555259379345
2000-12-21,1.010879717802702,-0.249041281437992,0.9781068525261302,-0.6646818366249824
2000-12-22,-1.9845963996506986,0.4299674491289791,0.7716055805479229,1.5814736383695078
2000-12-23,1.4179858801960663,-1.5828438589156986,-0.14003767642814097,-0.884388884299919
2000-12-24,-1.0444403758245595,-0.4767715104627894,1.0166159384261262,1.7873732968425633
2000-12-25,0.7134856850048114,2.4267074220833345,0.10753041949488676,-0.9117690009114651
2000-12-26,-1.23998132990958,-0.7921343673179061,-1.7801084513938537,-0.3734329063176664
2000-12-27,-1.5772384401691881,-0.8935920953683126,0.04113399456775784,0.4640402826499759
2000-12-28,0.8302307169011333,0.84464986344564,-0.15016905998387686,2.0057445483791514
2000-12-29,2.058938241496728,-0.28174760007482025,0.8892748317620242,0.13787206593026663
2000-12-30,-0.6082965197783264,-1.2770218488967582,0.8240078549285592,0.7158941299449405
2000-12-31,-0.46730561074254373,-0.6547253557551819,1.320101770780626,-0.06284940519491687
2001-01-01,0.693756536217638,-0.8925775451355619,1.178823541599072,1.2340466362193916
2001-01-02,0.1540040529386639,0.5844529982536584,1.6529915211474928,0.04939731640838014
2001-01-03,-0.13703453011957262,0.030532174670634397,-0.46548644830066926,0.26402680003223483
2001-01-04,0.4396243389105536,0.3487802003938495,-0.43796536350940507,-0.25632593005478865
2001-01-05,2.3459254665313076,0.45830524840887454,0.31448159610838466,0.7762815306062322
2001-01-06,1.4071898271880037,-0.6364250818438971,1.4903399321996496,-1.3456239261375826
2001-01-07,-0.13301999604036177,-0.49694784190539615,-1.4449125748795144,1.5464803606149653
2001-01-08,-0.5293502862723615,1.2797362688899985,1.006713254071403,0.26917086460896333
2001-01-09,-0.1456065654884549,-0.4085328714112884,0.40011084349867027,-1.371497065341939
2001-01-10,0.8602085599183376,0.1785741688341021,1.3044255335136254,1.4005946769142157
2001-01-11,-2.834992499230981,0.5241860189208972,-0.050894801740060475,-1.8390922436028145
2001-01-12,-1.4553970518252213,0.601526494776359,0.5481091587982518,-0.665197988005677
2001-01-13,0.73716411135622,-0.9881066386519123,-0.3446092914493822,-1.5243755461194235
2001-01-14,-0.5133769684356859,-0.7023887559687557,-0.6684623431479675,1.9580600532831534
2001-01-15,-1.9385754658788956,0.8918943546701213,1.815809515053208,0.7530265637562696
2001-01-16,0.4542272130208591,-0.4029094821329966,-1.1214412047920366,0.47591061614806707
2001-01-17,0.12987850106513202,0.8344945843223831,2.380766231253029,0.027202076396805094
2001-01-18,-0.03766366585208143,0.13232821317513035,1.559125980529717,2.827692520843775
2001-01-19,-0.9655393114712907,-0.020806569230161352,0.42826316330755915,-1.0212830663287402
2001-01-20,-0.14156952206519688,2.2037988101062407,0.7790432781400981,-0.07149467006846984
2001-01-21,0.4015422337834924,-0.8580604857638747,0.6388326592004688,0.3495208066586929
2001-01-22,0.5705368093482498,-0.057911505537746634,1.0584379025861987,-2.329009169105
2001-01-23,-1.1089498576917818,-0.5745021231806869,0.004707390494789237,-1.7072785046336445
2001-01-24,0.4275160336057216,0.10554744783003751,-0.9333406624267555,-0.8712336192203456
2001-01-25,0.852571049736267,-2.474734183908565,1.0157363267878952,-1.5676772821244669
2001-01-26,0.1460020320300105,0.16996788808119193,0.9422738801999185,0.5070045189793253
2001-01-27,0.243790651184491,-0.14054029822649308,0.5702204097084598,-0.3419721513360881
2001-01-28,-0.2379310104025986,0.8750018047448292,0.29936969293276106,0.43574765371490354
2001-01-29,0.27086428689477315,-1.4036460280822551,1.3685654694367804,-0.5018711933270247
2001-01-30,0.4876644141151423,0.3352037715692604,1.9458306729508885,0.1729677334584983
2001-01-31,0.5545118021064996,0.337244728821837,0.8082230528795228,-1.0616966390202667
2001-02-01,0.7212954392277923,1.481110522811294,-0.4289342233032102,-1.3275535889597667
2001-02-02,-0.674043214744953,-0.7817788894481392,0.07672129171203003,0.5879461138125001
2001-02-03,1.5908431528902824,0.3977230094002095,-0.21510394230692695,1.4673860337043465
2001-02-04,0.06119734007556735,-0.5381803718900704,-0.2155358183061221,0.39157530653248795
2001-02-05,1.5195308007570922,1.1692424031583135,-0.09236442165989521,-0.3461193682519219
2001-02-06,1.161677059610573,-0.6539776618883396,-0.07924388672834601,-1.1561214413004186
2001-02-07,0.3466027316195311,0.39607764331521694,2.495474167587544,-0.5558380366593932
2001-02-08,0.09962408155165696,-0.18789011306687425,-0.24359316486442759,-0.444261791551889
2001-02-09,2.0811753083124693,0.3431072730162427,1.6373608600954201,-0.8547584886787536
2001-02-10,-0.8677316756915123,0.9940800699679997,-2.047262351666102,0.020105711159032227
2001-02-11,-2.3993609080069067,1.5074819371485,-0.6890635383279339,-0.23999700215040093
2001-02-12,-0.7652061121532083,-0.3372131524075516,-2.217096780673091,0.2677637264575617
2001-02-13,0.7830764614633031,1.2200181058710902,0.21959809575647554,-0.2494814513834723
2001-02-14,-0.18712546405290842,0.6419772691691391,0.6012422980794054,-0.33395335021689776
2001-02-15,0.05754251587021904,0.4547329820127104,-0.43959642821023337,1.597357634470964
2001-02-16,-0.9187136685481169,-1.4856103234682174,-1.9731009801447688,0.8698394952504641
2001-02-17,-0.06853221686778697,0.15638311937735574,0.5240827416010839,1.3400508211756943
2001-02-18,1.7238857762834736,-1.8564185650958946,-0.39910940285231733,-0.7021693065261705
2001-02-19,1.0867037195339264,-1.3374913837389961,0.6208119630551145,0.6504470989180727
2001-02-20,-0.09754794203339935,1.4865546126197546,-0.1608000252009627,0.668919079577333
2001-02-21,-0.8532427920048424,0.8207564290457033,-0.7116918764560445,-0.5812558833619188
2001-02-22,1.279374444868125,0.6552856768079063,-0.668475674301614,0.3134080180513774
2001-02-23,1.2554606345117825,0.058298359520607045,-0.9613635697693094,0.8330448792631974
2001-02-24,0.7941505678158985,0.24395614998917897,1.249632063555481,0.43292610101270557
2001-02-25,0.06609210751262344,0.10801873501631067,-0.309936361431634,-1.7530718859042649
2001-02-26,-2.055652354577852,1.4377066702444785,-0.6329185624256888,-0.4230743006085794
2001-02-27,1.766004647869793,-0.5244323563741572,-1.33994865064548,-1.115522131362693
2001-02-28,0.5413281363896829,1.633133245420372,-0.7714554438234172,0.2725975824928368
2001-03-01,-0.10274808441745237,-0.20000394774741284,0.6136193179673234,-0.9254717827255324
2001-03-02,-0.82317064606661,-0.9345069299577888,-2.0231475817487796,1.3145016476929794
2001-03-03,1.489733313851211,-2.2103827630643593,1.5642957727434044,0.841475959922792
2001-03-04,-0.946729117371334,-0.9064395680375819,-0.7234468846379619,-0.4577332296943605
2001-03-05,0.11444944052449217,-0.42966346691444757,-0.7603031037620626,-0.22633847645376748
2001-03-06,-0.5667841645046475,-0.16822383462611898,-0.5542921372739001,-1.9455271045301488
2001-03-07,0.7133888410665189,-1.5905933992559405,-1.0680877135750284,0.35253456522292026
2001-03-08,-0.2032537263136983,0.4281721830205358,-0.01946071589076223,0.9362584488608077
2001-03-09,1.5931792770216298,-0.6648823264399902,-1.1964922967997411,1.570807516929636
2001-03-10,-0.41607793165181617,-0.8929006789305028,-1.5332765361397858,0.9057534086722027
2001-03-11,-0.5773618977954306,1.0252989198733453,1.0771243620866024,0.37141732361566476
2001-03-12,0.2108007514719491,0.1860901533163939,-0.5482733160062547,0.5539484697262933
2001-03-13,-1.154790463359336,0.6567556718898186,1.2161716859242209,-1.5458878701008916
2001-03-14,-0.5540057846798724,1.783865286407292,1.1673192673357577,1.3911260034252584
2001-03-15,-1.637404294560105,1.0062907504586436,-0.4450525662393545,-0.5321356618206358
2001-03-16,0.2624659025650483,-0.4272048494070293,-0.5422593002062605,-1.0705762215612058
2001-03-17,-0.30401776881027837,0.4808353955578497,-0.14191130848326045,-0.42929552060119913
2001-03-18,-0.48297750894279634,0.9749741098759039,0.36767516148252105,-1.2272653737312647
2001-03-19,-0.17995186996997137,0.6956927584848601,2.266438099534971,-1.2592443229687182
2001-03-20,-1.1602534823371373,1.6875078694730252,0.019302610880285166,0.2199198975263892
2001-03-21,-0.07464917748074924,0.9707913052903785,-0.29261921294497606,0.41350800161564216
2001-03-22,0.15258818870626198,2.4459382987227363,1.4083338728216093,-0.23536340327996053
2001-03-23,1.6120993353524302,-0.5960802924005567,0.7994681508211242,-1.134267834728924
2001-03-24,1.216707915392143,-0.8939517814841272,-0.9216046449012425,-0.08781086303380525
2001-03-25,0.5621422832702957,-0.43094894277389295,-0.23242587746559704,-1.7101342591344226
2001-03-26,0.10915334121311772,0.6632333696211058,1.863153716548511,-0.20770112504308044
2001-03-27,0.33831508605166416,1.3742725886441514,-1.5494911642615334,1.147962678584514
2001-03-28,-0.9118514486005354,1.5835418013283533,0.18974692479358915,0.5899261336516015
2001-03-29,0.04029358628416424,0.18051877462482482,0.32092941566086725,0.5894692474809252
2001-03-30,1.149222585835382,-1.0744657021391373,1.3509293791384374,0.8339939601724436
2001-03-31,-0.8170451265765839,-0.6904092413383768,0.512474433525773,-0.5134074406646045
2001-04-01,-2.462720775813017,0.013750713977423596,-0.213621748918681,1.3510340211938492
2001-04-02,0.51557775828854,2.3575605821837664,0.9675476870876666,-1.1578763642429264
2001-04-03,-1.500871524793347,2.137145874520466,1.6821010384342836,1.0599625143079112
2001-04-04,-0.3252123831384649,-0.9247838799593555,0.30167309856676955,-1.717524343298483
2001-04-05,1.7708855402765784,1.876267080027093,-0.15344215996448166,-0.598358771138313
2001-04-06,0.0773490015092403,-0.3400790133504602,-0.12297520097745829,-0.7270120955123872
2001-04-07,0.1254889388877021,0.06893722711803225,-0.6116886532085273,-0.08192778447009272
2001-04-08,0.20133723356080566,-1.5466120780231385,-0.8121446856861155,1.1770782909460782
2001-04-09,0.462594448608689,0.6054855158032666,0.7821233888073708,-0.33423534221312423
2001-04-10,2.046818355465263,-1.0352393719219555,-0.9324228909063107,0.46541070393203277
2001-04-11,-0.7747519161165632,-0.34058931860734293,-0.27798672938840063,0.4754524457948116
2001-04-12,-1.145132741052403,-0.7914924966805484,-0.4428169702362413,0.20716925976044007
2001-04-13,1.686837896603653,-0.15053942083028413,-0.20445590409369727,-0.8755658717376872
2001-04-14,0.23862806711122767,-0.19276713656015423,1.2622412110552712,-0.5139726080302208
2001-04-15,0.11077424895808195,-0.22409987720069413,-0.8650731368100173,-0.5461165968203904
2001-04-16,1.1510739290508414,-0.15601669213620872,-0.2208316544563769,0.5007951596425375
2001-04-17,-0.21348649720273963,0.4713011579805616,1.8873554816625417,-0.49772220719835064
2001-04-18,0.5256079579025899,0.21703978944701108,-0.46541774145339065,-1.3192706614717136
2001-04-19,-0.20245046599208266,1.0196611479819362,0.28419822773784464,0.018401761594085606
2001-04-20,0.9268832438877133,-0.36406055551761896,-1.1286964707883305,1.2731133052950814
2001-04-21,-0.3552840777266663,0.38704296054692383,0.050785010138460686,-1.4495445343449476
2001-04-22,0.696244640155057,0.49562651395318535,-0.3557759060627297,-1.9650510620662045
2001-04-23,0.09368996443966586,0.16957799653518313,1.801065221798456,-0.021822629203609677
2001-04-24,-1.4673321428240769,0.2711754865834077,0.07235761992102377,0.5793677183172286
2001-04-25,1.588594616728995,-0.14028948759688245,-1.030741037887818,-0.6508465075690393
2001-04-26,0.21369063687116263,-0.5718100605196876,0.4878138480905688,0.1882601331588011
2001-04-27,-1.2587426874878616,-0.15653332917190543,-0.5017157005357845,-0.13805377745930994
2001-04-28,2.211027805553369,-0.7335998129383469,-0.6239465742446147,0.4046075544116596
2001-04-29,-0.8649848338733731,-0.6690680283123163,1.094659284738129,0.5365954121336936
2001-04-30,1.4646589766753926,0.3752373020401061,-1.2826767681095739,-0.345853739519877
2001-05-01,-1.6575471303998126,-0.13843889235878648,0.36612667359160467,-1.0607162204583809
2001-05-02,0.5087225818271636,-1.417358693204645,-0.4522351336345451,-0.8785541788994718
2001-05-03,-1.2772456970475168,-0.8859078555562023,-0.13313728467940464,0.2250545927338745
2001-05-04,-0.7710256821298628,1.8555305249800187,1.0054366791375184,1.0614827823720385
2001-05-05,0.20581160335525966,-0.22444888325891135,1.1235901255868064,-0.7230678672907206
2001-05-06,0.7388229954443887,-0.8338565731072344,-0.9742870316837513,-0.39159525631203224
2001-05-07,1.1814430558128903,-0.04369546660461258,-2.399780723733722,1.1710129416993733
2001-05-08,-0.6078088567242363,0.7162060592389153,0.09364706287287423,0.37593432533345916
2001-05-09,-1.3279280784107212,1.3157459446498603,-1.2505814909142645,0.34523930023597765
2001-05-10,-0.3699583463778002,-0.40410605431874413,-0.2922345393899194,-1.5589292549767988
2001-05-11,-1.5739629748683375,-0.2973821884529752,0.9838587574104644,-0.6246392390576655
2001-05-12,0.2877251532106871,0.4243951926447371,-2.4805602468674937,-0.03769494904074807
2001-05-13,0.990689534306506,1.7957141161626557,-0.44009574666211404,2.47537919160238
2001-05-14,0.5448835379214192,-0.4783976693913215,1.223059882839275,-1.8456084982187022
2001-05-15,0.410947239973923,0.12508692047304776,-1.4662364554611165,0.20348076087344838
2001-05-16,-0.6630474925865805,0.8184589847343362,0.21604623556471947,-0.9069972427734487
2001-05-17,-0.43076521239129045,-0.18527222957862255,-1.479600708375046,1.6579566842588784
2001-05-18,1.4656046715137807,-0.27838617836917623,-0.35333616985591115,0.4333254655500576
2001-05-19,1.1959331487160119,0.9749525702482424,2.301182421168471,-0.6542204270339762
2001-05-20,0.14983496603760957,1.102073032563797,1.8827225725549475,-0.8115074680831472
2001-05-21,-0.34316188262055386,-2.0352411984618417,0.6865520061583474,0.424132863067063
2001-05-22,-1.0325230056140868,-0.5339888235991526,0.2529630094368964,-2.033669782731652
2001-05-23,-1.7190810600063755,1.084925785191576,-2.274325879674789,0.1620676932755823
2001-05-24,1.230942941482216,1.7387580040233874,-1.5794950358696598,0.46469867625479605
2001-05-25,-1.002772638461253,-0.02656183052399629,0.8785811330247444,-1.2559212176521048
2001-05-26,2.9630859983057745,0.5518357000889375,0.528483401481247,-0.25528540107527975
2001-05-27,1.2944940967932292,0.843086234229768,0.4397614785581696,0.5825388384974325
2001-05-28,0.9265158062380701,1.7056525425610127,-0.05848974889614692,-0.7883145447863007
2001-05-29,-1.6063710556013682,0.7973124656091912,-0.6500661338330217,-1.6803840922061377
2001-05-30,-0.6571379207356913,-1.1483720810621134,0.5792457750762047,0.10873246830085659
2001-05-31,0.38014188401483995,-0.7093069793725582,-1.0925953948938032,2.340884514455014
2001-06-01,1.4225859141273864,-0.31825845353534765,0.857697501562283,0.23585471844419376
2001-06-02,-0.3668538317468576,1.4431184248398687,0.6769539378822889,0.5093779419141138
2001-06-03,0.11473976240135228,-0.09157012758839493,0.6428930888281378,1.0671364736187092
2001-06-04,0.3955266286198576,0.2368581749198456,-1.8012627746750633,-0.7488758138165404
2001-06-05,0.9423631573758068,2.6326515894298863,0.24214301997084986,0.19551881745841604
2001-06-06,-0.7784527224613349,0.7934112294138201,-3.278591890003983,1.2589468375259985
2001-06-07,0.7265000602953906,-1.3006551319442186,0.6039872292228502,0.3281344953958671
2001-06-08,-1.8722437273438348,1.7126414238654812,-1.1923297242155693,-1.9847848000223232
2001-06-09,-1.6121668784623258,0.3043110671453538,-0.5772232530722243,-0.9803981298300638
2001-06-10,2.3048902519244563,1.656168762932758,0.016284336069049162,-0.2765663568021007
2001-06-11,-1.1234259724978506,0.05076524758033581,0.4048501632173375,1.1188016383294794
2001-06-12,0.45452928306349705,-0.6198075695361107,-3.195244658094947,0.8158497999604278
2001-06-13,1.340785373465428,-0.4467730942139243,-0.7794976899074355,-1.3584868642972803
2001-06-14,-0.36158143522049624,0.4028041718626889,1.319131186606928,1.7643687055820372
2001-06-15,-1.489039753775286,0.6553282201365921,0.32041827022261443,1.056295986155541
2001-06-16,0.422824126106285,0.44808232865282815,-1.254001267664361,0.03020809303279681
2001-06-17,3.0770243966697053,0.6169032441892985,0.1391515790507087,-0.7426685060472087
2001-06-18,-0.09913571276195039,1.6618290581605908,-1.4922719714352188,-2.085821235872909
2001-06-19,-0.18987025142205086,-1.5821056648871936,-0.06790671903658849,1.1914872449430196
2001-06-20,1.805492976618437,-0.02380117121143381,2.625281807954691,0.46252342925618406
2001-06-21,0.5255508740829703,0.3175116521728887,0.44717516081241265,-0.5637742973592595
2001-06-22,0.3239672973964235,1.9014794066921785,-0.7939375957175681,0.2746715071978086
2001-06-23,1.9480551443636405,0.5347374322298805,1.5698032784253724,-0.2692268861750251
2001-06-24,0.03706364517765266,0.4522092850369387,-0.06847963908772774,0.9693062783752505
2001-06-25,-0.7412291860297587,-1.0900883843903224,0.3656692974352741,0.4827104367003453
2001-06-26,0.08716136391578554,-0.37447301868650945,-0.07170578614832669,-1.2579354695928233
2001-06-27,-1.0591562130499228,-0.7079411164788134,-0.513310502028332,1.2127923369733
2001-06-28,2.503653965355285,-0.07807725639289106,0.7610150469449395,-1.6657150491015498
2001-06-29,-0.2870436507269127,-0.5100936838579901,2.0172635893662245,0.5678427842346386
2001-06-30,-1.0980440440314236,1.136484998053278,0.4626814907692344,2.355711798469498
2001-07-01,0.4607884935366849,-1.5415441519966708,1.1853494201857098,-0.3459112581182848
2001-07-02,-0.9843325078097224,-0.8553714835309358,-1.6914477428363177,-0.07391278140790704
2001-07-03,-0.46943254371720183,-0.33300002028342734,0.33853718273556105,0.32894459618765226
2001-07-04,-0.1231240536986115,0.5496971581397646,1.5880314899686518,-1.4744282185818638
2001-07-05,0.1171706559933309,-1.1162270884021341,0.1394063573044683,0.5391873369266752
2001-07-06,1.0386288317925605,-0.2369533404383854,0.4990918749339685,-1.1306463785504108
2001-07-07,0.0803982460264144,1.2904784532740112,1.9127168700437578,-0.7202557964095159
2001-07-08,0.4382327864957581,0.20347411113869876,2.0919884953928203,0.7053403223893568
2001-07-09,-0.6013124675474105,0.4021016547812504,0.40632634987741845,0.4177641947911439
2001-07-10,-0.24043798792166587,0.49224101129082826,-1.804697609068233,0.05603908957318926
2001-07-11,0.9352305152839038,0.8284087283596213,-0.06972146344961577,0.3113738810497935
2001-07-12,0.055644114484317324,0.8563409416187715,-2.022936601877478,-0.9999149655912022
2001-07-13,-0.5007800302690332,1.3488662935091598,-0.3395932189172272,1.3307108607633507
2001-07-14,0.11837297213426838,-0.3435785450692579,-0.08355995125667964,-0.5180175799702116
2001-07-15,-0.4210602667886286,-0.9209177660341795,-0.6192463460548097,-0.9953300580838106
2001-07-16,0.8346623998007949,-0.5383096217601179,-0.39401722056104405,0.2815173878703912
2001-07-17,3.259942304241991,0.5875522382159386,0.9834423814929296,-0.8991917553204296
2001-07-18,-1.4628142863352136,0.08567862071169784,1.3756729845116755,-0.17150682716947455
2001-07-19,-2.1408195304647433,-0.5410950533353693,-2.7829121450426144,0.6244292364618336
2001-07-20,0.24581821796678396,-0.8692834154370119,0.3115296605237666,-0.4947960644491661
2001-07-21,1.7972624390565721,0.8982479589361955,-0.6878330904056826,0.11535408907532059
2001-07-22,-1.6936809427994808,0.40715247706414565,-0.3292912524837136,-0.3051815567808226
2001-07-23,-0.2527325715281897,1.423368102363971,-0.43353901176489623,0.5288599247206858
2001-07-24,-0.967532953260639,1.2892420096363875,0.46540301738108975,0.08155958483557578
2001-07-25,-1.2572683992364535,1.6085286140631327,0.8972230844831248,0.25131935231868346
2001-07-26,-0.4084035840466339,-0.9488129885577821,-0.2549242598181231,0.03134749336305384
2001-07-27,-2.4891257158780937,-0.786190642210991,1.9423154721226121,-0.4871105895394477
2001-07-28,-0.9668465430284149,-0.09421907261064527,1.233295960597849,0.41647477430572605
2001-07-29,1.8629807246531978,0.07187170677148712,0.700346105223639,-0.0783620270187876
2001-07-30,0.5691799443180035,-1.2647641425980256,2.44705539073652,0.297914052889655
2001-07-31,-0.022212293550802616,-0.2871896895582598,0.2348225463240947,0.5386385791792948
2001-08-01,-0.3910814909442614,-1.9526834139596987,0.625229566111142,1.239694062453026
2001-08-02,1.0207798790891847,-0.7893674444838499,-0.6042811578364502,-0.6652399199633092
2001-08-03,-0.4714652078383922,-1.6506136317213336,-1.3712623957238224,0.6315168785453869
2001-08-04,-0.6105745686719184,-0.015594034650921776,-0.514070177925984,0.4378241001603362
2001-08-05,-0.5749417817432428,-0.11201073053460091,0.27710634971357784,-1.171412125002948
2001-08-06,-1.43982605163401,0.39950236385860244,0.2103458962790025,0.04058099637689041
2001-08-07,0.35433349252938745,1.7195867696979457,-2.015394767718583,-0.7573487430825121
2001-08-08,-0.7616294791351186,-1.3313838126940294,0.44481926852014736,-0.6242512952724601
2001-08-09,-0.42608554163383056,-1.0258498971920467,0.1437519098704833,-0.4812255072906217
2001-08-10,-1.04891119540888,0.42453625447775206,0.026529324900808903,-0.8657915827538418
2001-08-11,-0.3734576263669496,1.1153211414315234,0.22219977622857162,0.10102249810350875
2001-08-12,0.14969602343869945,2.5992734592132765,0.1078310967506129,0.04590801485103777
2001-08-13,-0.1521147428264159,0.04903006746497779,-1.0853765341016026,0.3341804882415898
2001-08-14,-0.5314689997471969,-0.2050450014839679,1.263842703630366,-0.029317034060115203
2001-08-15,-0.45630387168243497,1.5694826443697893,0.3092794626129948,-0.28190423325227565
2001-08-16,0.6079409901239926,0.5609826790541285,1.5335864443265395,0.811442195525668
2001-08-17,-1.0874871401452912,-0.3500938683700348,-0.09654312557359611,0.10956490832706434
2001-08-18,0.7031336764798891,-0.4570157790741117,0.12411501720893026,-2.0220155864853773
2001-08-19,-0.29636648206605015,0.026119938362495536,-1.1525351681498837,-0.8124631546672794
2001-08-20,0.378553701406543,-1.1297148810702795,0.35558960015515806,0.9028044245793009
2001-08-21,-2.476394954229168,0.17592272781119933,-1.5534681463312066,-0.08984154407863322
2001-08-22,-0.4477432625859565,-0.16284903060556125,1.0768413456675954,0.5467575240649555
2001-08-23,-0.0022414945354527625,1.0699019586365388,0.5290752188904867,-0.4579122078433481
2001-08-24,-1.3809006369862604,-0.7304001654819311,0.7604298505996729,0.19697036365466444
2001-08-25,0.013725894035958926,0.3057643041039066,1.6415060265730406,-1.1646752118962331
2001-08-26,1.9398868927020767,-0.696395107522865,1.2335066803597265,0.6924263150983156
2001-08-27,0.8589399142656572,0.9285972977626092,0.21860558576558978,0.2726165058487748
2001-08-28,-1.0064489452249918,1.073821342892642,0.5950933316576703,-0.4077963722368671
2001-08-29,0.7375942006821463,-1.60842652999478,0.597199161222372,0.3786396277483328
2001-08-30,-0.7038648926465214,0.20839891862486926,0.27792843072537443,-1.554397230938783
2001-08-31,-0.44681767201514677,1.6225677979247015,-0.527983715145234,0.3877380855865563
2001-09-01,-0.015009608828522475,0.5037715672736509,1.8879544839109774,1.1025692419242463
2001-09-02,2.227508809623942,-1.2142663734585284,-0.5292890164290448,0.6839477187938684
2001-09-03,1.152983388197269,-0.4736054275357087,1.2403003848467895,-1.3478986368955885
2001-09-04,-0.4709290119123625,-0.7812822948584061,-0.9577467081322112,0.2549175814564334
2001-09-05,2.350191257787562,1.188035092899879,0.4552533880263871,0.5533123496991423
2001-09-06,0.6371093264423988,1.976779230340607,0.7341629208254461,0.26889725632853256
2001-09-07,1.407393691035504,-0.0309811823922682,0.9143019577623877,1.1977518356058958
2001-09-08,-1.7970504423539624,0.39030765350358476,0.3643319995716821,0.8769371741365203
2001-09-09,-0.6975865175148559,0.2792682828278027,0.43355175377462196,1.4416623505857058
2001-09-10,1.7136279642690815,-1.2604236938838518,-0.1993207089565855,1.2921997135510315
2001-09-11,0.6584159248451686,-2.1021910045376373,-0.34026181803935135,-2.1229418077211704
2001-09-12,1.8987624450614085,0.039032962209228535,-1.5225244265540818,-0.06995009757321932
2001-09-13,1.0027160595050348,-0.0017903559990348342,0.6554774957776773,0.035877122501533756
2001-09-14,-0.043725115346489554,-0.2899486859283115,-1.3332656350001952,-0.7599856178288509
2001-09-15,-0.40385178123225024,-0.12860398231085698,-0.6194845672606224,0.1655516340957208
2001-09-16,-0.34551018971380654,-1.1552860894962227,-0.7826847045067709,0.20510796274038204
2001-09-17,0.16365980293646717,-0.6921909883756027,0.2712240870679477,0.9621879117835098
2001-09-18,0.7402688865314672,-1.1864869373462816,0.7090111800401531,1.5929340460725323
2001-09-19,0.9399446582019282,-0.7056158597353962,-0.17338366876096398,-0.4109833535288202
2001-09-20,0.8184080209653344,-0.3268995854792511,1.0610269402623682,0.10322643239205141
2001-09-21,-0.8282937833161623,1.430981794951566,0.9124539443733429,-1.6519026742926495
2001-09-22,-0.31825608991385157,0.5173921862610457,-1.6862227008963626,-1.8100429389989379
2001-09-23,-0.574215920301643,0.054292724442962015,1.390727165811774,0.5039431193047684
2001-09-24,-0.1715197471785444,-0.5829648779217491,0.7781418687356446,-0.7480104277877662
2001-09-25,-1.2912445388752598,-0.4437497729760331,-0.3798115631186479,0.2879201550926348
2001-09-26,2.075190661851352,-2.122508736658328,0.7551879833067191,-0.5859425354220793
2001-09-27,2.5831280257119213,1.466223084835496,-0.0710835207000236,-0.15212571905820368
2001-09-28,-0.25647119260339335,0.04175260473128497,-1.4347128689592965,-1.1444284339290933
2001-09-29,-0.021026819065454328,0.38614912753338904,0.9314267740340143,0.42179204591061215
2001-09-30,0.6989036222435334,0.27613907548071775,-1.62136428262796,-1.609352026719082
2001-10-01,-1.2887532161742485,0.26459404253337765,0.05067097850447222,0.9882055761765145
2001-10-02,-0.6769134693612247,-0.7726693709916166,-1.5512946726687877,-0.049176754423742274
2001-10-03,0.3483530637225572,0.8237663325159673,-0.09906918966391605,-0.42420240609406
2001-10-04,0.2923206660023658,-1.2587134740400672,-1.2663764834467515,0.23047238069215412
2001-10-05,0.14942374276806245,1.0737823470878949,0.10243601351190126,-0.3225542445420142
2001-10-06,-1.516123102941301,-0.6829311502907656,-0.018915909793717173,0.029034465288025002
2001-10-07,1.7473448539752208,1.0926440408880391,-0.05830912901808202,-0.43682310011025355
2001-10-08,-0.24364999561902337,0.38455150156522777,1.088555745414718,0.15140930106897563
2001-10-09,-0.19756978691391897,0.3375048300896692,1.2268283516960614,0.23044210535433818
2001-10-10,1.346951888721766,-0.43462706250605193,-0.4399244701459912,0.2160533993848777
2001-10-11,0.07250014717739142,0.3392740731103236,0.27563536365489383,1.000548228342131
2001-10-12,-0.7996633182552068,0.29760670898523695,-0.8705797276768676,-1.0483244450229743
2001-10-13,-1.6785209020274863,0.968764671043331,0.23724240748768116,-0.602258934498673
2001-10-14,-0.5785246767119093,-0.18651485091658881,-0.36468532825411965,-0.4536274122266548
2001-10-15,0.1822139110575709,-1.089208579953106,1.3339323649226464,-2.7601354201401844
2001-10-16,0.16754889970585649,-0.737098365212128,2.0558203689722707,-0.16445115231146823
2001-10-17,1.3835683912363712,-0.08509270574986909,0.2778644467613594,0.14562235723574465
2001-10-18,1.2535594906778853,-2.7674719785020727,-0.06053250131427074,-0.45207439802873917
2001-10-19,1.3516331122624667,-2.5149481947551466,0.31989216705384144,1.266411948788477
2001-10-20,0.6933492642415571,-1.0997638131011165,1.2534178317409497,2.5526164417459616
2001-10-21,-0.6827543056893302,-1.5191385517046105,0.16928038101782084,-0.41166715843544444
2001-10-22,-0.024373661369991837,1.6512290525233,0.8802895386446803,0.860378437099336
2001-10-23,1.1372863364245016,1.288190157638653,-0.5849670246342268,-1.35693071739362
2001-10-24,0.6430767551832086,0.2921729293719304,0.7036574101928064,0.5067215738598058
2001-10-25,-0.018008489390562345,-2.0151620114639823,-1.045556143426553,-1.3488178540921483
2001-10-26,-1.8384040529223846,0.18984505332323903,0.8886553918944827,0.6182213851619686
2001-10-27,0.25348342320487266,-0.7665934982572866,-1.6679167502410543,1.3293520717077365
2001-10-28,-0.28444946401646587,-1.8615888019380815,-0.8895643742372212,-0.5518041469024199
2001-10-29,-0.8784986979561471,-0.5521129408154514,0.8721627853039492,0.7773527450782252
2001-10-30,-0.8484307181065586,-0.12474017188505529,-1.761640625160686,-0.6420321402107958
2001-10-31,0.22469825076702987,0.2966327395287645,0.3324640112007703,0.029001365183612737
2001-11-01,0.8369703873402897,1.2785985514187024,0.7224590759262963,-0.2988439488187864
2001-11-02,0.6843139600277264,1.1425055606267323,-1.8886272543192675,-2.207827049807095
2001-11-03,-0.10528310439082506,1.445766532382521,-0.9220691495285863,-2.254326766522663
2001-11-04,-0.38647221818029287,-1.063996911086827,-0.5643761914904748,1.520089012732648
2001-11-05,-0.6944388044867598,0.04897470022531569,-1.3896989327042168,-0.8222740067320218
2001-11-06,1.2803004809738223,-1.4343392533340524,-0.5538714393121497,-0.02302936882272049
2001-11-07,0.13335813759923737,-1.0524463531246837,0.9625743442832759,1.5599583330833566
2001-11-08,1.9102424204826505,-1.4919373687003037,-0.025023004337449164,-0.005602213590701962
2001-11-09,-0.9108418636811879,-0.49096987825738936,1.6392132889173352,-1.032184849800057
2001-11-10,-0.41759474381853035,1.413929302260277,0.388633917604486,0.5788704287318092
2001-11-11,-0.3500051977147508,-0.6208026681190512,-1.9654444141074507,-0.5835151396041963
2001-11-12,0.08659842632128814,0.23070285160023712,-0.8331096303853139,-0.21491297660217754
2001-11-13,0.07956335493175186,-0.4078803179582422,1.4237085547843353,-1.7753091164676944
2001-11-14,-0.23631410044914763,0.23565432073786868,-0.642597044750471,1.3598553095038457
2001-11-15,-1.5117642614453348,0.39460375081857213,-1.2755833402755308,0.47751104174076203
2001-11-16,0.5342262103304957,-0.5903074437783885,-1.5494015517747624,-1.9628857413478134
2001-11-17,-0.011883113398783153,0.10226035260574096,-1.0706626048778154,0.19565859371953168
2001-11-18,-0.9479733029608669,0.47364393380023156,-1.0681007245424727,-2.2781202172636608
2001-11-19,-1.0350717638804883,0.4832072657788946,0.8269795254062876,1.2006808112357399
2001-11-20,0.6252038712822547,0.21599043261232714,-0.8903804165600715,-1.6922769855103341
2001-11-21,0.8341844942013409,1.7199798698366,0.9219623900151093,-0.8549988718906302
2001-11-22,-0.4621901307295621,0.46579968359884105,-1.4052856277828223,1.7992170288346812
2001-11-23,-2.712745696023217,1.1688505842753985,0.21780853018440274,0.4897643831759411
2001-11-24,0.3161810636439945,2.144323810894844,-0.7262779360891589,0.10048604831938146
2001-11-25,0.8578183596257015,0.10944291066348011,-1.5738237776204997,0.2025313318240273
2001-11-26,0.9691289682830533,0.7934305528088863,2.045084101162763,1.354176397080696
2001-11-27,0.3431191023121295,0.015450922518999207,-0.34425325150890534,-2.00590654606991
2001-11-28,-0.28380193648812924,-1.6102393746097814,0.8471890789858029,1.2067148286481328
2001-11-29,-1.562819700660822,-0.8544240481990829,0.9646195755468339,-0.5557221452700403
2001-11-30,0.47714402276941054,-1.1168694332487383,-0.1539495973482011,-0.4301795388219068
2001-12-01,-1.5080143442430176,-0.04412528821626346,-2.64607975590934,-1.674104285236836
2001-12-02,1.9252767726870408,0.11755955812268716,-0.17246768154656428,1.3767844939306189
2001-12-03,0.5663616389096405,-0.06161949879119336,-1.0177277682842765,0.9772120705602925
2001-12-04,0.3134570331592972,1.4826821165110884,0.2709941581491529,0.2525262604056553
2001-12-05,0.17638519919804502,-0.7265252589664277,0.056780946650814984,0.39081891468157676
2001-12-06,2.2201718415819265,0.8831024555668832,-0.8303213417693325,-1.7250046254258529
2001-12-07,-1.3078625720019499,-0.12897052488921823,-1.9991174672259362,-0.20818014565754941
2001-12-08,0.6287032574852905,0.24791303471627937,-0.8410709193125377,0.4144817955663877
2001-12-09,-0.5548439582262289,1.6686675503796156,-0.08306928959429263,1.1148954369938981
2001-12-10,0.5621373925157693,2.4832105438661665,-0.21800706947316914,1.7826534861678913
2001-12-11,1.3012395778185093,-0.5321222388536322,-0.5616270843377975,-1.6385226360500451
2001-12-12,-0.821187663967916,-0.10071809766575532,0.8391180627472669,-0.04573287253526377
2001-12-13,1.5122851130844266,-0.5489783914012212,0.9324619044536692,-1.9410973571560175
2001-12-14,-0.931198874892768,0.7660903773453871,1.1792813805994196,0.5635940820869495
2001-12-15,0.2944106506124985,1.707747660812968,0.550260541768378,-1.4535495124480455
2001-12-16,1.0896205508353998,1.5315697724087523,-1.942644306684169,-0.3023327868303742
2001-12-17,0.41508229795072826,0.3257374785511024,0.25171464325563336,0.09878117476853959
2001-12-18,-0.23689176982897733,1.5550482597364657,-0.21797896179686252,-0.027848041376191793
2001-12-19,0.8115071878868476,-1.1819541287859199,-0.5350774687951102,-0.8318325563053962
2001-12-20,1.0010412010537868,-0.3469764963672656,0.5419698085135375,-1.1329246606145107
2001-12-21,-2.5602228513072935,0.8324590389794356,1.3681975333411258,-0.7409148707516319
2001-12-22,0.5312041342752917,0.5670202114010966,1.1234938707713928,-0.0957485538689134
2001-12-23,-0.2476814406512207,-0.12848484228402896,0.8413553554698054,-0.45349758074987145
2001-12-24,-0.8734082722759167,-1.905655415354346,-0.10929462553017542,2.6820804890795724
2001-12-25,-0.2899289431125699,-1.0066087853224315,-0.2529411762011504,-0.1618901563230499
2001-12-26,1.1082582572359145,1.017773145079584,0.8436748224468624,-0.5834459352778734
2001-12-27,-0.57710560421477,-1.4261246754749164,-0.31626184951032926,1.5022070359042086
2001-12-28,-0.2593489412170622,0.26113528352995624,0.7291810483347161,1.4372959542728299
2001-12-29,0.5078636368336121,0.5368439373352012,-0.5026288548082836,-1.4781500820841207
2001-12-30,-0.14950875040314562,0.7446070148004831,-0.5399702774991492,-1.5674601461374449
2001-12-31,-1.6096576239055231,1.0941796474097032,0.22472508916028214,1.048287546417677
2002-01-01,0.22628866362248776,-0.686311074835079,-0.7660532974084514,-1.066957623051892
2002-01-02,-0.3485218777982705,-0.2694067497161806,1.7122185148001599,0.861138506102947
2002-01-03,0.6654604967217552,-1.8222249363662741,0.0018762415239001727,-0.19219272913831337
2002-01-04,0.4423642908944078,0.02181407288988319,-1.8982388666471541,-0.3112310970126385
2002-01-05,-0.0937189664381557,2.5884889148438184,0.2909601164567828,-1.514457773783106
2002-01-06,-1.0305459268751156,0.2950548410235193,0.2818437563482301,-0.49906372615504735
2002-01-07,1.2236254368254247,-0.7155832131532006,1.5138481024211021,-0.7105772203329895
2002-01-08,1.3318632299690927,0.04168652826009179,-2.41427254630807,1.4421243752228223
2002-01-09,-0.5312071532730716,0.9672408089433041,-0.5499922799321724,1.407600383014356
2002-01-10,1.4127463766558535,-1.3589495471533035,0.9241476747148353,-1.4958889609280912
2002-01-11,-1.3626536764642756,0.005635992083215586,1.262352664868284,0.8546493316652595
2002-01-12,0.7152379124441665,2.766450806688951,0.333375229107032,1.0812814726609747
2002-01-13,-2.724747049928008,0.5474183809319418,-0.35908251788254475,1.1040787514717516
2002-01-14,0.8000278212722669,2.5410662458660167,-1.47688499966242,1.5699369065771889
2002-01-15,-0.5862490101235481,0.36078468072675957,1.1180074722619464,-1.3866682389716503
2002-01-16,0.4964078697162406,0.5844197865860996,0.032808403246034734,-0.4512121972292214
2002-01-17,0.8070857069725176,0.1450048980235024,-0.8059358559267636,-0.35355182693847986
2002-01-18,-1.7754849301807216,-1.6925388763733205,2.972912557969733,-0.25738603432900825
2002-01-19,0.9220009648011143,-0.6037037610616751,-1.4574795567205547,0.8790428308624378
2002-01-20,0.6413027141987929,0.37388500146923487,-0.05229162270518631,-1.4620842576784523
2002-01-21,-0.021284075223366637,0.22064601916677884,0.33949381128066,0.23053280770915313
2002-01-22,-0.081636536583269,-0.15167992063021113,0.10594245802107102,-0.4039376236910114
2002-01-23,1.377623038285348,1.2161944616825906,-0.003602870882674517,-1.9185056858173404
2002-01-24,1.0523409433724216,-0.7950176802759185,1.208551635993419,0.29174633428952074
2002-01-25,1.2869763283147349,-1.0201718770705397,0.5183455945251715,1.2165201316215646
2002-01-26,-1.0393445830500783,0.9264292940031515,0.5180066530030519,0.6813093349968906
2002-01-27,0.18862891845210045,-0.7368753222431748,-0.9370223591343699,0.5204637805071008
2002-01-28,0.46524109308857686,-0.19570240283596388,0.7371320188091491,-0.14936263450400333
2002-01-29,1.002755375503599,1.3240897568061596,0.87036214551758,0.8819507617305427
2002-01-30,0.03798485042324213,-0.1872788880054272,-0.7572671011305919,-0.8589727742129805
2002-01-31,0.5117599475409849,-1.7319170880513861,0.5458979183502763,-1.083437841300581
2002-02-01,0.24083074255635387,-0.35003781195222583,0.04577229546103773,0.8505147884092671
2002-02-02,1.0601009306163365,-0.9446703645531263,0.017856046166242912,0.8800642210671843
2002-02-03,0.6999686276780515,-0.012905687491813967,1.1520589621212998,1.5526207560553211
2002-02-04,0.09943857913921396,1.050489612417479,1.7247806925235147,1.2443644815757688
2002-02-05,-0.6868127181284747,-0.895005695083032,-0.15654245932147917,0.4819154710641219
2002-02-06,0.44647958650793,2.2171859625536356,0.39744286031321524,-0.8262504755555912
2002-02-07,-1.4349585607810786,0.40426985413335875,-1.9276489879023426,-0.7940474624053669
2002-02-08,0.45978665758300397,0.001228036004600465,1.7073473616128103,0.7977911675445347
2002-02-09,0.1535532104847387,0.3829517249603367,-0.47836474722181244,-2.324460409700351
2002-02-10,-0.11151756828252643,0.5986024608561482,-0.32767852316250623,1.21473702251493
2002-02-11,-0.04177337910960343,0.37253156685589317,-0.1978569337651239,-2.124969005231827
2002-02-12,0.2697376375794963,0.8418779831523939,-0.4995193462955973,-1.1913059342771286
2002-02-13,1.6106309819267925,-0.9453640287307484,0.7408484658510702,0.18787678679334516
2002-02-14,-0.6194420838374044,0.6264504452727232,-2.744421216042574,-0.4870370613410897
2002-02-15,0.3226238452761982,0.4164577757830663,-0.3731150156418193,-0.5831396730758595
2002-02-16,-0.2329848767057071,2.0717103538365746,-0.7136866046207838,-2.183766435205253
2002-02-17,-0.3700866626693061,1.3609523632909906,1.0481044509989763,-0.2734197124828428
2002-02-18,-0.43410826029517807,-0.8227492136575272,0.663066479306188,-0.2774140004677957
2002-02-19,0.19858766263097516,2.0885655351692876,1.3148111863648182,0.085171770695662
2002-02-20,-1.1180632241011712,0.2666571424825879,-0.2507378355842007,-0.8092183369189987
2002-02-21,0.3191311919951648,0.907318745938033,1.1403111608002965,-0.16578876739725013
2002-02-22,-0.8517331355255757,-0.19968397627819504,0.3050064706902381,-0.9892117945316756
2002-02-23,-0.07486470651133213,-0.5649906445647672,0.7302954790634612,-1.1682899130217737
2002-02-24,-1.419253924695483,-0.6049727967360131,0.5778742794834889,-0.8113191055705321
2002-02-25,-0.6885221609508798,-0.6719002299288249,-0.08475278231691777,-1.086282349651132
2002-02-26,0.8381180705926327,-0.002907018250208014,-0.6110920878104661,0.03334131801065104
2002-02-27,-0.4924089045509343,-0.909688877219476,-0.2664288196042197,0.5666172628367808
2002-02-28,0.3196613992001418,0.8025385237802158,1.6079744162049983,0.051973956340296605
2002-03-01,-0.24685898377553966,0.5810468229189738,0.13625542742933708,1.4253994898132938
2002-03-02,0.24670107730982904,2.117246489615695,0.12770778592025575,-0.9335514742148134
2002-03-03,0.28363843344790446,-1.1466719076764544,1.5827882754248053,-0.07839068309152446
2002-03-04,0.6458435579018155,0.4942477256071464,0.3915034268928132,-0.6836521928731523
2002-03-05,-0.9555648382439949,0.14513674116531863,0.03812182131667243,-1.5724673286342061
2002-03-06,-0.9877158949182436,-0.16077411998006333,0.03422019980997197,0.32362611717208467
2002-03-07,0.5809942930169723,-0.2493781172765322,-0.3481757190814242,0.286589281631066
2002-03-08,1.3808884479173018,0.26026106989335446,2.0904428456583943,1.0762292850812873
2002-03-09,1.0380049584861109,-1.3376437490589546,2.54424682962574,-0.09855557905414634
2002-03-10,-1.4710857484394742,0.8169828773836733,2.118237525107215,2.340111855620155
2002-03-11,-0.7171161982840669,-1.1007810154854551,0.03590531056857896,-0.5489642465462974
2002-03-12,-2.2351608282829507,-0.8490972810700755,0.2699272963937292,-2.9242935629727813
2002-03-13,-0.034268686843273596,0.9893958145982394,1.3685929553862857,1.1189282934379456
2002-03-14,-0.9156602185731004,0.5093842595451125,-1.0987974635075712,0.3335641639078742
2002-03-15,0.5178797413416263,0.31434559542676554,-0.6601366932725599,-1.819203064181958
2002-03-16,-0.15933842250366634,0.697021995113171,-1.0589762904925286,-0.8867884277021593
2002-03-17,-0.6581660506793967,0.7615518331035728,1.545404579746651,0.11810409419577346
2002-03-18,-0.07728059337242026,-0.25101837357958123,-1.0618595711263756,-0.3124638342606715
2002-03-19,0.9218323581021457,0.6739888050749732,0.8764455918653496,-0.33394895147422854
2002-03-20,0.8744239556976048,2.3861861599187746,0.9689998796737413,0.20853329477327806
2002-03-21,-0.1037566547786872,-0.26409808419815284,0.4897993585789831,0.6116545637548941
2002-03-22,-0.6143067472415381,0.12877607905565844,0.25632709077892607,1.668099043835833
2002-03-23,0.006137463512288193,0.056744240973593534,-0.32256781303997084,0.764680812204954
2002-03-24,-0.5050760627452733,-0.8569898886222538,0.3773806393221308,0.07030669629328319
2002-03-25,0.5575106486277353,1.0905554503159771,0.7871181987093514,0.9844697349875314
2002-03-26,1.9508897038879547,0.29637822673237857,0.9584969084350667,-1.21775348078746
2002-03-27,0.19153135911048205,-0.589898672993101,-2.2039242184614842,-1.7747767836991728
2002-03-28,-0.35393269431350577,-0.5999509518581966,-0.6851081959057077,1.6266929380802728
2002-03-29,0.5837051851971814,-0.4543776654741246,2.4619564640457163,1.7003545913832054
2002-03-30,-1.2904628537547183,0.9960901162223069,-1.2775288076305902,0.6323542593892486
2002-03-31,0.9074722991457139,-0.19573010991847406,0.6705822689759424,-1.3972753205115613
2002-04-01,1.0957729917534906,0.15035256348066822,0.21344458937264285,-0.43072727579039105
2002-04-02,0.19610362516382987,-0.06170590323716898,0.7587915418165903,-2.027695169048922
2002-04-03,0.3144871571447582,1.1399850789529675,-0.611503521080789,1.878336569808998
2002-04-04,1.4474408945432864,0.16514967058348196,1.1334292073968226,1.14269976356154
2002-04-05,-0.08646265478129445,1.0701491560708756,-0.9160681752534923,-0.9985485615828339
2002-04-06,0.9862704932634341,0.5004344845276449,-0.0030984075096511946,-0.8903375440455563
2002-04-07,-1.0564899986600067,0.5747658636217449,-0.9815709971278883,0.010772171078273343
2002-04-08,0.030602293667089598,-0.023978173329203146,0.03914291466992484,0.3380964732568535
2002-04-09,0.11569536776719717,-1.465336324862108,-0.5771937759930628,-0.6700625530247449
2002-04-10,2.204627247707116,0.6378918289908247,0.28570763615234857,2.0182914004092174
2002-04-11,-0.7572656141332915,1.4838574529303823,-0.25346879041605763,-0.6576109944748169
2002-04-12,0.3848614023064926,-0.7784056631217363,1.0092132853165667,0.33286333147597585
2002-04-13,1.0850223832410535,-0.5369883894589569,0.8714914108528613,-0.20298544041586047
2002-04-14,1.163441907950066,-2.064882093671075,-0.9913219442414989,0.6889236195543046
2002-04-15,0.3101472821419654,0.40663174730158724,-0.5769922227113328,0.33134047951214296
2002-04-16,0.011074174142941698,-0.653792781672278,0.08882847099543574,0.2495945867254281
2002-04-17,-0.6913328180930872,2.0355457783276183,1.6694765679417265,-0.49369638452853926
2002-04-18,0.19268221674447344,-0.5883604341540932,-0.17842951699416704,1.1611951618538752
2002-04-19,0.018360666486880017,0.05992376282859237,-1.731771343022577,0.8874355030888577
2002-04-20,0.031180041586813294,-1.7242489458382586,-2.6555862819570266,-0.036994749916942384
2002-04-21,1.3098865920508673,0.3214957187680402,-0.07552927141652993,0.3957476736470281
2002-04-22,0.46104451328855284,0.9319165390039961,-0.23306624404528264,-1.0463414810118494
2002-04-23,-0.29064183812518957,-0.7505956716345065,-1.2863763103781738,-0.7945464375640938
2002-04-24,-0.16567992797572356,0.18925372328892157,2.5004037715490384,-1.111316246340923
2002-04-25,-0.21373263887949465,-1.4117833623538985,-0.13299402872667193,0.057221344168644474
2002-04-26,1.6668825112399936,-1.318535474014643,-0.7489302029079938,-0.5542523675622639
2002-04-27,-0.4838961908530091,-0.06645429195341036,-0.18309094421576355,-0.22501968326037458
2002-04-28,1.1066390623381945,1.040936661140737,-0.26140833948768377,-0.10267396586467706
2002-04-29,0.936297489432628,1.280254174715948,-0.45171912805159786,-1.3848011063495165
2002-04-30,0.823676184283623,0.06359902657881485,-0.7973692172245621,0.08078397316530539
2002-05-01,-0.15814669961567504,-0.44332095872132554,-0.03100595897749928,1.8577076423383616
2002-05-02,-1.119301558458906,-0.9714379543930497,0.18078760877196964,1.1002273287211755
2002-05-03,-1.0178092663628815,-0.5368649643979777,-1.373970616987766,-0.1909688325818006
2002-05-04,0.6053453188005835,1.8731685305377836,-0.18235900090971324,-0.6130230642027185
2002-05-05,0.23022104124197454,-1.3626316920389712,-0.04021521829433552,-2.0258319787479033
2002-05-06,-1.533239681212056,-0.735179979307891,-0.8892791818345004,-1.2205616746823094
2002-05-07,0.3999424575361876,2.202852367868854,0.22234887702646944,0.14778260479528052
2002-05-08,0.12324762237065633,0.6706247865295685,-0.46671660240775,1.2700304339802118
2002-05-09,-0.1565708055543935,-0.7363274977736819,-1.0391120764904977,-2.9126718321120313
2002-05-10,1.2093300714340105,-0.024269818377555874,-1.9374901305215324,0.35696118526349435
2002-05-11,0.13106820360447016,1.074676981632308,-1.083908775645157,0.7471621331676053
2002-05-12,0.282200168369721,0.6151368156250332,1.0483647535167,0.2802784849642154
2002-05-13,1.586756561803392,-1.7854328962777475,0.28131682581147777,-0.5845483940780907
2002-05-14,1.0803791901115738,-0.3764632427672876,1.428013727969975,-0.23817787480368044
2002-05-15,-0.10393779797751355,-0.43412630137714614,-0.876351069673375,0.7648896104487017
2002-05-16,-0.5149115721113002,-0.7667676049579373,1.3263932706916106,-0.13791119058870546
2002-05-17,-0.5242264146287662,-0.748233736319387,-1.3689077818605795,-0.4907474015088562
2002-05-18,0.8814927551755459,1.429410499098331,0.30213338589995875,-0.6063928055405547
2002-05-19,0.3002655282195977,0.07178068118641191,-0.35246404280277904,-0.355687746140224
2002-05-20,-0.3578317848078285,1.5549173977669506,0.5385067657824264,0.14439391382348413
2002-05-21,1.1509072701651584,0.023829139781804353,-0.14260492251050785,0.5379564153713192
2002-05-22,-0.398956708730397,-0.3280473091668555,1.252921050429346,0.22881696919904734
2002-05-23,0.06851184173058024,0.4573280023738759,-0.5757059429674177,-0.2353165576661172
2002-05-24,-2.327109618041194,2.0659088184736842,0.9145889168632504,0.5908779788031354
2002-05-25,-1.7950993653184903,0.3759132977561965,1.9075633277489819,-1.0425147944793338
2002-05-26,-1.6371253289200771,-0.8763201718353357,0.5027437490248783,-1.9872911673886917
2002-05-27,0.16102084940436992,0.018454548119430866,0.17841809530463607,0.7683605105552478
2002-05-28,-0.669013187618993,-0.658523445099273,-1.2502737819189529,0.06291866403300918
2002-05-29,-1.8348265558392594,0.7847036578698464,-0.304361560793499,0.6187481162476305
2002-05-30,-1.0841624531240324,-0.46968959629694335,0.15278829825394644,-0.29970634553814074
2002-05-31,-1.2513667174591205,-0.910054121641279,-1.2853941196916792,-0.7438231248863731
2002-06-01,-2.399191637854849,1.1169614067415081,1.3145561026405552,-1.0799401107175293
2002-06-02,0.7193752439162823,-0.5292943235837436,-0.37378797197186325,2.6866917277606315
2002-06-03,0.8825462717035186,1.4296295620773596,0.33690334322939725,-1.1137153191513207
2002-06-04,0.3918258310506835,-1.3002595358601328,0.07785821563320224,-1.023542575055003
2002-06-05,-0.12247579320941941,-0.47173537114003716,1.7580272908556824,0.21431266081366643
2002-06-06,-0.30260045577557737,0.5888970977343021,0.48492774701558855,-0.6547476652696865
2002-06-07,-2.632309225987457,2.5846611200235783,-0.614819572932496,-0.37327320950055914
2002-06-08,-1.1051534495382909,-0.5651820448809514,-0.44428123442351225,0.8889143481912599
2002-06-09,-1.6673040708885305,1.1452376964790754,1.1369085260735992,-0.25158184038704395
2002-06-10,-0.27095805952302204,-0.06900512211907625,1.1316768343203842,0.4905983034788155
2002-06-11,1.0265017846621807,-0.03394324343571372,-0.7523145889722072,0.804088079289218
2002-06-12,-0.2561473895779346,-0.04456410569461172,0.289385536037299,0.021318940380026713
2002-06-13,0.2330379139840083,-0.2954703811201807,-0.6091637915731043,0.23225123107046255
2002-06-14,0.5988243050116847,0.06570570241513167,0.2460298898107105,-0.7056922676106097
2002-06-15,-0.7139227545284578,-0.40987488879632994,1.0816008144809068,-0.9300011890326187
2002-06-16,0.5473320769924478,0.6325421377868157,1.1112048865236388,1.7605567617092759
2002-06-17,-0.3980911148971326,0.4778208344029126,-1.703506259623164,0.973707695099675
2002-06-18,0.36356456857545305,-2.0674448524838978,1.2104633205922382,0.43410932586938483
2002-06-19,1.6955339668703406,-0.5407772360687512,1.5424608649037148,0.41568817349825243
2002-06-20,-1.1407886735748323,0.7565365757850261,0.6331643772179123,-0.08989872018857795
2002-06-21,0.1356234369017822,1.094637715314363,-1.8072089087599432,2.1984093125897037
2002-06-22,1.826513518575203,1.017528512456288,0.6507321024278637,-0.4064145150132316
2002-06-23,-0.050718449660674646,-0.024193147846692322,1.2489144959155765,-0.06043896742238157
2002-06-24,0.1188892521014552,1.9300952973626064,0.4319658374346068,-1.8436165998972434
2002-06-25,-1.152125632309672,0.7693471389198258,0.14485769261205728,0.1932690029220444
2002-06-26,-0.017465759674958302,-0.7607356411184932,1.4169171423720883,-1.734352525959962
2002-06-27,0.6427779713539548,0.8229824947924701,0.4343279964391115,-0.1542244069658068
2002-06-28,-0.7569543576012469,1.50737801517873,1.3353073457098321,1.1944503606180532
2002-06-29,-0.4205932032087616,-0.1090473470467417,-0.04971035786906533,1.0549413004770334
2002-06-30,-0.49727373432608396,-0.6487914591362969,-0.5514691511887221,0.5169604635980392
2002-07-01,-2.149262802478608,-0.7631820760867599,-0.6338750778608433,0.2710343832432208
2002-07-02,1.2844364058137536,0.1430688988810382,0.420425031608222,-0.49010864541781046
2002-07-03,1.135349918445689,-1.7994298620538671,-1.55379164075354,0.2186170062303071
2002-07-04,-1.5416519697963966,-0.2635113941551206,1.1608417585312472,1.1011545013915398
2002-07-05,0.720886833808613,0.8911604984158097,-1.571259235060326,-2.7522771181583834
2002-07-06,-0.11670731143229342,1.2569299005470105,0.19726571345427418,-0.7422811787143593
2002-07-07,0.5006124053084028,-3.5198582059005434,-1.5465530070479176,-0.5132666898721243
2002-07-08,-0.5856059651211571,1.0719445202644284,-0.7245390142301997,1.1574798801058355
2002-07-09,-0.20428200750055184,0.09676020874556829,0.9299708525944389,-0.30006475380127146
2002-07-10,0.2576612582241403,-1.2396015645111786,-1.3402917558995862,0.9158446465287341
2002-07-11,-0.11210572146017724,-1.3812282835626155,-1.793973357368351,-1.5569472864166913
2002-07-12,-0.9706934343333494,-0.08204865353270284,-1.287318523190277,2.5671667523909267
2002-07-13,-0.6938998684986419,-0.18665951899435093,-0.4087998465804503,-0.9184058198358762
2002-07-14,-0.9029714806000338,-0.027972239778198738,0.7835246730143103,-0.2550739825903727
2002-07-15,-0.3066367762705007,-1.0077269888208789,0.872246712734581,2.3282903947992906
2002-07-16,-1.0199761500365994,-0.865007825857857,-0.9729413646485934,0.6010833289131545
2002-07-17,0.6624725578924927,-1.0569041859244284,0.5524072746497896,1.3594088125756236
2002-07-18,-1.1369377692754323,-0.018291370270418376,1.608372646781763,-0.29725364946915184
2002-07-19,-0.38176170055837894,0.44862953743917877,-0.7899062118268286,0.7015779867995565
2002-07-20,-0.7881300027864704,0.19299146726144226,0.1996883145041901,0.6195951358576285
2002-07-21,-0.8299915679739922,0.5290808320542753,-0.3330542115748899,0.48030393634380786
2002-07-22,-1.7448449409695983,-0.6369895538397063,0.6884549298178029,-0.7376172023149933
2002-07-23,-0.5933369541109137,-1.163329673876981,1.0508068672789943,0.5674584258295938
2002-07-24,1.3145292226863878,0.7661954719709276,-0.6241203212841017,0.8830207917652587
2002-07-25,0.17667656872341508,0.8688402798356589,0.13184719765266228,0.6641563346527026
2002-07-26,0.88264154391762,-0.4838945282143607,1.0557452093315276,-1.6818996321767365
2002-07-27,0.5286154426858616,0.7545720260558074,-1.4484256501218093,1.056218308763702
2002-07-28,0.9671022745766573,-0.04271294680480542,-2.1859975820215527,0.24467875177278697
2002-07-29,-0.3629274689719254,1.8852866290340777,-0.6777555800644837,1.4163652529420543
2002-07-30,1.2490418231567013,-0.011509441864459246,0.8631980131908146,0.45385629451196297
2002-07-31,0.4659354994117651,0.6889490859801852,-0.23172723899140862,-0.7950936522595488
2002-08-01,-1.5145856156856434,0.09746283487927657,-0.0512728920528915,1.1414771392614511
2002-08-02,-2.4300069573287226,-0.9325151484793062,0.9306321037429325,1.3289672954413614
2002-08-03,-1.7742758319625418,-0.2855225160047776,-0.4847874249399112,1.2614141355843644
2002-08-04,0.5411074624199744,-2.0846765165013292,0.918166351075957,-0.7313465152404113
2002-08-05,1.052456186548098,2.7681479513792815,0.42238862711480774,-1.440650576590712
2002-08-06,-1.8077833393672997,-1.4066985324144985,-0.687050504506114,-0.555106588881268
2002-08-07,-0.32033570589497967,2.330718934965945,-0.15578184813491955,-0.5211936603958606
2002-08-08,0.2808264162353923,1.875512409010136,-0.35018517697365587,-1.4936905791586874
2002-08-09,0.4899391010641517,0.5159188254913414,1.2608232362297531,0.17821315925463563
2002-08-10,-0.39101259092349633,-1.513373618854458,-0.05423436928747597,-0.12864047500842243
2002-08-11,-0.49864062687395044,2.0524680809319293,-0.11685986380593875,-0.9214322625451643
2002-08-12,-0.048337070567609185,1.0333500615247073,0.8059263875756492,0.1440588842399729
2002-08-13,-0.197444766276463,-0.07445418822792474,-0.24273163842858636,-0.4598350718370574
2002-08-14,0.4146973305015993,-1.7283691504661285,0.852279940485077,-0.06531458787842144
2002-08-15,0.4541596958488631,-0.019404695817067955,1.0199933500961749,0.0806281602513577
2002-08-16,0.4106293586772342,-1.8389500232897626,0.8480513533562394,0.14317436420089327
2002-08-17,-0.5887486970838206,-0.4882996030047928,-0.22648179023407217,-0.03513423353017859
2002-08-18,-0.14860406340369664,-0.39799124497284577,0.1586088285679176,-0.9815168383550757
2002-08-19,-1.21433612384944,0.0003843803008341239,-1.0344888177641196,0.4543952928443724
2002-08-20,1.8781915078639422,0.07368058576655362,1.7242738508942639,0.7391792651713575
2002-08-21,0.4794818682750124,0.39544072625648846,-0.10567331088443702,-1.8795957548426445
2002-08-22,-0.20203143074578056,-0.18762679753749809,0.7953295893851446,0.4400582773758491
2002-08-23,-0.7920757823979755,-1.9036229861162817,1.4349356657834593,0.27667671332359517
2002-08-24,-1.3636478073928102,-1.3067233791320896,-2.8065277856939255,0.2819684558070657
2002-08-25,0.346791436646286,1.9549476226401097,-0.948320500403318,0.7400080739815272
2002-08-26,-0.67767981584874,-0.2246705602516547,2.1435533206669013,1.260431681009586
2002-08-27,0.24187963927666278,0.0518963854144189,0.6189229802872438,-0.14451917547133028
2002-08-28,0.10118829760227353,0.03009863566183205,0.6026199810746761,0.2545055899082927
2002-08-29,0.6972970334973048,3.0637188797158372,1.059624991245898,0.4083214260571508
2002-08-30,0.9782763493165486,0.8620059404071716,-1.2343107357228809,0.11338496099363146
2002-08-31,-0.9994201406706135,-1.050378481107226,-0.15591157154503127,-0.36114998481649574
2002-09-01,0.7094683821393944,0.850328429941226,-1.6761058878313648,-0.5781896671000533
2002-09-02,0.7772917225014375,-0.14166838455696573,0.3830588848550305,-0.7775055647347903
2002-09-03,-1.242313733259605,-0.2372102848762043,-1.015371895743152,1.6593479836585638
2002-09-04,-1.201734105507188,1.042483904465479,0.1256840434982694,0.038450516727227546
2002-09-05,1.0262899632982894,-1.6027214904323155,-1.0844382763483154,-0.10351003020627987
2002-09-06,0.3001451462666431,0.47778010012746247,-1.730361239144852,-0.2681633678691395
2002-09-07,0.8914974474353764,0.8752692024820994,0.8386752744148689,-1.1995262323584097
2002-09-08,-0.7990433255948741,1.1649698876808814,-0.9711149810963785,-0.8060137132083045
2002-09-09,-0.4877303430352169,0.03462367421276399,1.2837417476957549,1.683450682768472
2002-09-10,2.7341694608076175,1.7311507561138917,1.2612792140950801,0.28237559142874064
2002-09-11,-1.2092382840538574,0.6509649623440598,-0.8432896987590455,-1.2739242358302951
2002-09-12,-0.8289400384989084,0.636924410004273,0.6851000163832492,0.6558591609480096
2002-09-13,-2.0048487243325774,0.4489167522198993,1.3396071042017976,0.584526618024404
2002-09-14,0.8744256121458706,1.6585944840786757,-0.1641454488745886,-0.1451465158282946
2002-09-15,0.502688555810219,-0.8370359729535081,1.0813504898148807,0.6154408344644613
2002-09-16,-0.4747486323639793,-0.3450179403622902,-0.8842565970330227,-0.6848162327391745
2002-09-17,0.1822398792042632,1.1474716974398804,-0.07973133539989158,1.129970196739362
2002-09-18,-1.4852692682976203,0.9627029775800682,0.6560124812451023,-0.7669265625053605
2002-09-19,0.3352228450843252,0.543619230555791,0.6893592550894412,-0.41478768011395534
2002-09-20,0.5716259531649626,-0.7864066690850332,0.7254945606303609,-0.47803950857287214
2002-09-21,0.4930266777917642,-0.1056297955059485,0.3903202754741378,-0.9521645015490242
2002-09-22,-0.5458509256058505,-1.0771599774140204,0.1889367626505912,-0.516780494142833
2002-09-23,0.3649907544275554,-0.7004192329051986,-0.1609956564541988,-0.677550580371567
2002-09-24,-0.4272596582958891,-1.7021522642583928,0.07911100306509182,0.2609885528451632
2002-09-25,-0.08598254168079014,-1.0027285197710751,1.3291538291210656,1.3735350946745255
2002-09-26,0.889044301076516,1.6457780119614662,0.862044096009008,0.7284261953188931
